ID;START_TIME;COMPLETION_TIME;EMAIL;NAME;LAST_MODIFIED_TIME;BLOCK_STORAGE;FILE_STORAGE;OBJECT_STORAGE;QUAIS_DOS_SEGUINTES_FORMATOS_PARA_ARMAZENAMENTO_E_GESTAO_DE_DADOS_LHE_SAO_PRIORITARIOS;DATA_WAREHOUSE;DATA_LAKE;DATA_LAKEHOUSE;DATA_FABRIC;DATA_MESH;QUAIS_DAS_SEGUINTES_ARQUITETURAS_PARA_ARMAZENAMENTO_E_GESTAO_DE_DADOS_LHE_SAO_PRIORITARIAS;APACHE_HADOOP_HDFS;GLUSTERFS;JUICEFS;MINIO;CEPH;GARAGE;APACHE_OZONE;APACHE_HUDI;APACHE_ICEBERG;DELTA_LAKE;DATABRICKS;SNOWFLAKE;DREMIO;STARBURST;OUTRO5;SE_VOCE_APONTOU_TER_USADO_USAR_ATUALMENTE_OU_QUERER_USAR_OUTRO_FRAMEWORKFERRAMENTA_ACIMA_POR_FAVOR_IDENTIFIQUE_QUAL_ABAIXO;QUAIS_DOS_SEGUINTES_FRAMEWORKSFERRAMENTAS_PARA_ARMAZENAMENTO_E_GESTAO_DE_DADOS_LHE_SAO_PRIORITARIOS;OPENMETADATA;APACHE_ATLAS;AMUNDSEN;DATAHUB;MARQUEZ;CKAN;ATLAN;ALATION;COLLIBRA;IMMUTA;HIVE_METASTORE;UNITY_CATALOG;POLARIS_CATALOG;OUTRO3;SE_VOCE_APONTOU_TER_USADO_USAR_ATUALMENTE_OU_QUERER_USAR_OUTRO_FRAMEWORKFERRAMENTA_DE_GOVERNANCA_E_GESTAO_DE_DADOS_ACIMA_POR_FAVOR_IDENTIFIQUE_QUAL_ABAIXO;QUAIS_DOS_SEGUINTES_FRAMEWORKSFERRAMENTAS_DE_GOVERNANCA_E_GESTAO_DE_DADOS_LHE_SAO_PRIORITARIOS;HASHICORP_VAULT;AKEYLESS;DOPPLER;INFISICAL;OPENBAO;KEYCLOAK;KERBEROS;OKTA;AUTHENTIK;OPA_OPEN_POLICY_AGENT;KYVERNO;CERBOS;APACHE_RANGER;APACHE_KNOX;SONAR_QUBE;OWASP;SNYK;GREMLIN;OUTRO6;SE_VOCE_APONTOU_TER_USADO_USAR_ATUALMENTE_OU_QUERER_USAR_OUTRO_FRAMEWORKFERRAMENTA_DE_SEGURANCA_DE_DADOS_ACIMA_POR_FAVOR_IDENTIFIQUE_QUAL_ABAIXO;QUAIS_DOS_SEGUINTES_FRAMEWORKSFERRAMENTAS_DE_SEGURANCA_DE_DADOS_LHE_SAO_PRIORITARIOS;APACHE_AIRFLOW;PREFECT;DAGSTER;LUIGI;FLYTE;KESTRA;MAGE;MAESTRO;MLRUN;METAFLOW;KEDRO;ARGO_WORKFLOWS;JENKINS;OUTRO4;SE_VOCE_APONTOU_TER_USADO_USAR_ATUALMENTE_OU_QUERER_USAR_OUTRO_FRAMEWORKFERRAMENTA_DE_ORQUESTRACAO_DE_DADOS_ACIMA_POR_FAVOR_IDENTIFIQUE_QUAL_ABAIXO;QUAIS_DOS_SEGUINTES_FRAMEWORKSFERRAMENTAS_DE_ORQUESTRACAO_DE_DADOS_LHE_SAO_PRIORITARIOS;MONTE_CARLO;SODA;GREAT_EXPECTATIONS;PANDERA;METAPLANE;BIGEYE;APACHE_GRIFFIN;ANOMALO;DATAFOLD;KENSU;ACCELDATA;LIGHTUP;OUTRO;SE_VOCE_APONTOU_TER_USADO_USAR_ATUALMENTE_OU_QUERER_USAR_OUTRO_FRAMEWORKFERRAMENTA_DE_CONFORMIDADE_DE_DADOS_ACIMA_POR_FAVOR_IDENTIFIQUE_QUAL_ABAIXO;QUAIS_DOS_SEGUINTES_FRAMEWORKSFERRAMENTAS_DE_CONFORMIDADE_DE_DADOS_LHE_SAO_PRIORITARIOS;ZABBIX;OPENTELEMETRY;PROMETHEUS;GRAFANA;JAEGER;ELK_STACK_ELASTIC_LOGSTASH_KIBANA;GRAPHITE;FLUENTD;SPLUNK;NEW_RELIC;DATADOG;AMBARI;OUTRO2;SE_VOCE_APONTOU_TER_USADO_USAR_ATUALMENTE_OU_QUERER_USAR_OUTRO_FRAMEWORKFERRAMENTA_DE_MONITORAMENTO_DE_DADOSRECURSOS_ACIMA_POR_FAVOR_IDENTIFIQUE_QUAL_ABAIXO;QUAIS_DOS_SEGUINTES_FRAMEWORKSFERRAMENTAS_DE_MONITORAMENTO_DE_DADOSRECURSOS_LHE_SAO_PRIORITARIOS
7;2026-03-03 11:01:18;2026-03-03 11:05:52;0335009@cepel.br;Pedro Cesar de Oliveira;;Não tenho opinião / Não sei;Uso atualmente;Não tenho opinião / Não sei;"File storage;";Já usei;Já usei;Já usei;Não tenho opinião / Não sei;Não tenho opinião / Não sei;"Data warehouse;Data lake;Data lakehouse;";Já usei;Não tenho opinião / Não sei;Não tenho opinião / Não sei;Não tenho opinião / Não sei;Não tenho opinião / Não sei;Não tenho opinião / Não sei;Não tenho opinião / Não sei;Não tenho opinião / Não sei;Não tenho opinião / Não sei;Não tenho opinião / Não sei;Já usei;Já usei;Não tenho opinião / Não sei;Não tenho opinião / Não sei;Não tenho opinião / Não sei;;"Apache Hadoop HDFS;Databricks;Snowflake;";Não tenho opinião / Não sei;Não tenho opinião / Não sei;Não tenho opinião / Não sei;Não tenho opinião / Não sei;Não tenho opinião / Não sei;Não tenho opinião / Não sei;Não tenho opinião / Não sei;Não tenho opinião / Não sei;Não tenho opinião / Não sei;Não tenho opinião / Não sei;Não tenho opinião / Não sei;Não tenho opinião / Não sei;Não tenho opinião / Não sei;Não tenho opinião / Não sei;;;Não tenho opinião / Não sei;Não tenho opinião / Não sei;Não tenho opinião / Não sei;Não tenho opinião / Não sei;Não tenho opinião / Não sei;Uso atualmente;Não tenho opinião / Não sei;Não tenho opinião / Não sei;Não tenho opinião / Não sei;Me interesso em usar;Não tenho opinião / Não sei;Não tenho opinião / Não sei;Não tenho opinião / Não sei;Não tenho opinião / Não sei;Me interesso em usar;Uso atualmente;Não tenho opinião / Não sei;Não tenho opinião / Não sei;Não tenho opinião / Não sei;;"Keycloak;OPA Open Policy Agent;OWASP;";Não tenho opinião / Não sei;Não tenho opinião / Não sei;Não tenho opinião / Não sei;Não tenho opinião / Não sei;Não tenho opinião / Não sei;Não tenho opinião / Não sei;Não tenho opinião / Não sei;Não tenho opinião / Não sei;Não tenho opinião / Não sei;Não tenho opinião / Não sei;Não tenho opinião / Não sei;Não tenho opinião / Não sei;Me interesso em usar;Não tenho opinião / Não sei;;"Jenkins;";Não tenho opinião / Não sei;Não tenho opinião / Não sei;Não tenho opinião / Não sei;Não tenho opinião / Não sei;Não tenho opinião / Não sei;Não tenho opinião / Não sei;Não tenho opinião / Não sei;Não tenho opinião / Não sei;Não tenho opinião / Não sei;Não tenho opinião / Não sei;Não tenho opinião / Não sei;Não tenho opinião / Não sei;Não tenho opinião / Não sei;;;Já usei;Já usei;Uso atualmente;Uso atualmente;Não tenho opinião / Não sei;Não tenho opinião / Não sei;Não tenho opinião / Não sei;Não tenho opinião / Não sei;Não tenho opinião / Não sei;Não tenho opinião / Não sei;Não tenho opinião / Não sei;Não tenho opinião / Não sei;Não tenho opinião / Não sei;;"OpenTelemetry;Prometheus;Grafana;"
8;2026-03-03 11:10:00;2026-03-03 11:19:53;0360841@cepel.br;Nério José Fernandes dos Santos;;Me interesso em usar;Me interesso em usar;Me interesso em usar;"Block storage;Object storage;";Me interesso em usar;Já usei;Me interesso em usar;Não tenho opinião / Não sei;Não tenho opinião / Não sei;"Data warehouse;Data lake;Data lakehouse;";Não tenho opinião / Não sei;Não tenho opinião / Não sei;Não tenho opinião / Não sei;Não tenho opinião / Não sei;Não tenho opinião / Não sei;Não tenho opinião / Não sei;Não tenho opinião / Não sei;Não tenho opinião / Não sei;Não tenho opinião / Não sei;Não tenho opinião / Não sei;Não tenho opinião / Não sei;Não tenho opinião / Não sei;Não tenho opinião / Não sei;Não tenho opinião / Não sei;Não tenho opinião / Não sei;;"Databricks;Snowflake;Delta Lake;";Não tenho opinião / Não sei;Não tenho opinião / Não sei;Não tenho opinião / Não sei;Não tenho opinião / Não sei;Não tenho opinião / Não sei;Não tenho opinião / Não sei;Não tenho opinião / Não sei;Não tenho opinião / Não sei;Não tenho opinião / Não sei;Não tenho opinião / Não sei;Não tenho opinião / Não sei;Não tenho opinião / Não sei;Não tenho opinião / Não sei;Não tenho opinião / Não sei;;"Alation;Collibra;DataHub;";Não tenho opinião / Não sei;Não tenho opinião / Não sei;Não tenho opinião / Não sei;Não tenho opinião / Não sei;Não tenho opinião / Não sei;Uso atualmente;Me interesso em usar;Não tenho opinião / Não sei;Não tenho opinião / Não sei;Já usei;Não tenho opinião / Não sei;Não tenho opinião / Não sei;Não tenho opinião / Não sei;Não tenho opinião / Não sei;Não tenho opinião / Não sei;Não tenho opinião / Não sei;Não tenho opinião / Não sei;Não tenho opinião / Não sei;Não tenho opinião / Não sei;;"Kerberos;OPA Open Policy Agent;Keycloak;";Não tenho opinião / Não sei;Não tenho opinião / Não sei;Não tenho opinião / Não sei;Não tenho opinião / Não sei;Não tenho opinião / Não sei;Não tenho opinião / Não sei;Não tenho opinião / Não sei;Não tenho opinião / Não sei;Não tenho opinião / Não sei;Não tenho opinião / Não sei;Não tenho opinião / Não sei;Não tenho opinião / Não sei;Não tenho opinião / Não sei;Não tenho opinião / Não sei;;"Jenkins;Apache Airflow;Argo Workflows;";Não tenho opinião / Não sei;Não tenho opinião / Não sei;Não tenho opinião / Não sei;Não tenho opinião / Não sei;Não tenho opinião / Não sei;Não tenho opinião / Não sei;Não tenho opinião / Não sei;Não tenho opinião / Não sei;Não tenho opinião / Não sei;Não tenho opinião / Não sei;Não tenho opinião / Não sei;Não tenho opinião / Não sei;Não tenho opinião / Não sei;;"Monte Carlo;Great Expectations;Soda;";Não tenho opinião / Não sei;Me interesso em usar;Uso atualmente;Uso atualmente;Não tenho opinião / Não sei;Me interesso em usar;Não tenho opinião / Não sei;Não tenho opinião / Não sei;Não tenho opinião / Não sei;Não tenho opinião / Não sei;Não tenho opinião / Não sei;Não tenho opinião / Não sei;Não tenho opinião / Não sei;;"Prometheus;Grafana;ELK Stack (Elastic, Logstash, Kibana);"
9;2026-03-03 11:22:22;2026-03-03 11:26:24;brunaf@cepel.br;Bruna de Andrade Bastos Fonseca;;Não tenho opinião / Não sei;Já usei;Uso atualmente;;Não tenho opinião / Não sei;Não tenho opinião / Não sei;Não tenho opinião / Não sei;Não tenho opinião / Não sei;Não tenho opinião / Não sei;;Não tenho opinião / Não sei;Não tenho opinião / Não sei;Não tenho opinião / Não sei;Não tenho opinião / Não sei;Não tenho opinião / Não sei;Não tenho opinião / Não sei;Não tenho opinião / Não sei;Não tenho opinião / Não sei;Não tenho opinião / Não sei;Não tenho opinião / Não sei;Não tenho opinião / Não sei;Não tenho opinião / Não sei;Não tenho opinião / Não sei;Não tenho opinião / Não sei;Não tenho opinião / Não sei;;;Não tenho opinião / Não sei;Não tenho opinião / Não sei;Não tenho opinião / Não sei;Não tenho opinião / Não sei;Não tenho opinião / Não sei;Não tenho opinião / Não sei;Não tenho opinião / Não sei;Não tenho opinião / Não sei;Não tenho opinião / Não sei;Não tenho opinião / Não sei;Não tenho opinião / Não sei;Não tenho opinião / Não sei;Não tenho opinião / Não sei;Não tenho opinião / Não sei;;;Não tenho opinião / Não sei;Não tenho opinião / Não sei;Não tenho opinião / Não sei;Não tenho opinião / Não sei;Não tenho opinião / Não sei;Uso atualmente;Não tenho opinião / Não sei;Não tenho opinião / Não sei;Não tenho opinião / Não sei;Não tenho opinião / Não sei;Não tenho opinião / Não sei;Não tenho opinião / Não sei;Não tenho opinião / Não sei;Não tenho opinião / Não sei;Não tenho opinião / Não sei;Me interesso em usar;Não tenho opinião / Não sei;Não tenho opinião / Não sei;Não tenho opinião / Não sei;;;Não tenho opinião / Não sei;Não tenho opinião / Não sei;Não tenho opinião / Não sei;Não tenho opinião / Não sei;Não tenho opinião / Não sei;Não tenho opinião / Não sei;Não tenho opinião / Não sei;Não tenho opinião / Não sei;Não tenho opinião / Não sei;Não tenho opinião / Não sei;Não tenho opinião / Não sei;Não tenho opinião / Não sei;Me interesso em usar;Não tenho opinião / Não sei;;;Não tenho opinião / Não sei;Não tenho opinião / Não sei;Não tenho opinião / Não sei;Não tenho opinião / Não sei;Não tenho opinião / Não sei;Não tenho opinião / Não sei;Não tenho opinião / Não sei;Não tenho opinião / Não sei;Não tenho opinião / Não sei;Não tenho opinião / Não sei;Não tenho opinião / Não sei;Não tenho opinião / Não sei;Não tenho opinião / Não sei;;;Não tenho opinião / Não sei;Não tenho opinião / Não sei;Não tenho opinião / Não sei;Não tenho opinião / Não sei;Não tenho opinião / Não sei;Não tenho opinião / Não sei;Não tenho opinião / Não sei;Não tenho opinião / Não sei;Não tenho opinião / Não sei;Não tenho opinião / Não sei;Não tenho opinião / Não sei;Não tenho opinião / Não sei;Não tenho opinião / Não sei;;
10;2026-03-03 11:06:38;2026-03-03 11:27:07;0360710@cepel.br;Marcelo Alberto Guimarães;;Não tenho opinião / Não sei;Não tenho opinião / Não sei;Não tenho opinião / Não sei;;Não tenho opinião / Não sei;Não tenho opinião / Não sei;Não tenho opinião / Não sei;Não tenho opinião / Não sei;Não tenho opinião / Não sei;;Não tenho opinião / Não sei;Não tenho opinião / Não sei;Não tenho opinião / Não sei;Não tenho opinião / Não sei;Não tenho opinião / Não sei;Não tenho opinião / Não sei;Não tenho opinião / Não sei;Não tenho opinião / Não sei;Não tenho opinião / Não sei;Não tenho opinião / Não sei;Não tenho opinião / Não sei;Não tenho opinião / Não sei;Não tenho opinião / Não sei;Não tenho opinião / Não sei;Não tenho opinião / Não sei;;;Não tenho opinião / Não sei;Não tenho opinião / Não sei;Não tenho opinião / Não sei;Não tenho opinião / Não sei;Não tenho opinião / Não sei;Não tenho opinião / Não sei;Não tenho opinião / Não sei;Não tenho opinião / Não sei;Não tenho opinião / Não sei;Não tenho opinião / Não sei;Não tenho opinião / Não sei;Não tenho opinião / Não sei;Não tenho opinião / Não sei;Não tenho opinião / Não sei;;;Não tenho opinião / Não sei;Não tenho opinião / Não sei;Não tenho opinião / Não sei;Não tenho opinião / Não sei;Não tenho opinião / Não sei;Não tenho opinião / Não sei;Não tenho opinião / Não sei;Não tenho opinião / Não sei;Não tenho opinião / Não sei;Não tenho opinião / Não sei;Não tenho opinião / Não sei;Não tenho opinião / Não sei;Não tenho opinião / Não sei;Não tenho opinião / Não sei;Não tenho opinião / Não sei;Não tenho opinião / Não sei;Não tenho opinião / Não sei;Não tenho opinião / Não sei;Não tenho opinião / Não sei;;;Não tenho opinião / Não sei;Não tenho opinião / Não sei;Não tenho opinião / Não sei;Não tenho opinião / Não sei;Não tenho opinião / Não sei;Não tenho opinião / Não sei;Não tenho opinião / Não sei;Não tenho opinião / Não sei;Não tenho opinião / Não sei;Não tenho opinião / Não sei;Não tenho opinião / Não sei;Não tenho opinião / Não sei;Não tenho opinião / Não sei;Não tenho opinião / Não sei;;;Não tenho opinião / Não sei;Não tenho opinião / Não sei;Não tenho opinião / Não sei;Não tenho opinião / Não sei;Não tenho opinião / Não sei;Não tenho opinião / Não sei;Não tenho opinião / Não sei;Não tenho opinião / Não sei;Não tenho opinião / Não sei;Não tenho opinião / Não sei;Não tenho opinião / Não sei;Não tenho opinião / Não sei;Não tenho opinião / Não sei;;;Não tenho opinião / Não sei;Não tenho opinião / Não sei;Não tenho opinião / Não sei;Me interesso em usar;Não tenho opinião / Não sei;Não tenho opinião / Não sei;Não tenho opinião / Não sei;Não tenho opinião / Não sei;Não tenho opinião / Não sei;Não tenho opinião / Não sei;Não tenho opinião / Não sei;Não tenho opinião / Não sei;Não tenho opinião / Não sei;;
11;2026-03-03 11:30:32;2026-03-03 11:38:59;0360099@cepel.br;Guilherme Prudente Da Silva;;Me interesso em usar;Uso atualmente;Uso atualmente;"Object storage;";Me interesso em usar;Me interesso em usar;Me interesso em usar;Me interesso em usar;Me interesso em usar;;Me interesso em usar;Me interesso em usar;Me interesso em usar;Me interesso em usar;Me interesso em usar;Me interesso em usar;Me interesso em usar;Me interesso em usar;Me interesso em usar;Me interesso em usar;Me interesso em usar;Me interesso em usar;Me interesso em usar;Me interesso em usar;Me interesso em usar;;;Me interesso em usar;Me interesso em usar;Me interesso em usar;Me interesso em usar;Me interesso em usar;Me interesso em usar;Me interesso em usar;Me interesso em usar;Me interesso em usar;Me interesso em usar;Me interesso em usar;Me interesso em usar;Me interesso em usar;Me interesso em usar;;;Me interesso em usar;Me interesso em usar;Me interesso em usar;Me interesso em usar;Me interesso em usar;Uso atualmente;Me interesso em usar;Me interesso em usar;Me interesso em usar;Me interesso em usar;Me interesso em usar;Me interesso em usar;Me interesso em usar;Me interesso em usar;Me interesso em usar;Me interesso em usar;Me interesso em usar;Me interesso em usar;Me interesso em usar;;;Me interesso em usar;Me interesso em usar;Me interesso em usar;Me interesso em usar;Me interesso em usar;Me interesso em usar;Me interesso em usar;Me interesso em usar;Me interesso em usar;Me interesso em usar;Me interesso em usar;Me interesso em usar;Já usei;Me interesso em usar;;;Me interesso em usar;Me interesso em usar;Me interesso em usar;Me interesso em usar;Me interesso em usar;Me interesso em usar;Me interesso em usar;Me interesso em usar;Me interesso em usar;Me interesso em usar;Me interesso em usar;Me interesso em usar;Me interesso em usar;;;Me interesso em usar;Me interesso em usar;Me interesso em usar;Me interesso em usar;Me interesso em usar;Me interesso em usar;Me interesso em usar;Me interesso em usar;Me interesso em usar;Me interesso em usar;Me interesso em usar;Me interesso em usar;Me interesso em usar;;
12;2026-03-03 11:49:20;2026-03-03 11:59:10;0361934@cepel.br;Alberto Pavim;;Já usei;Uso atualmente;Uso atualmente;"File storage;Object storage;";Já usei;Já usei;Me interesso em usar;Não tenho opinião / Não sei;Me interesso em usar;"Data lakehouse;Data mesh;Data warehouse;";Me interesso em usar;Não tenho opinião / Não sei;Não tenho opinião / Não sei;Uso atualmente;Me interesso em usar;Me interesso em usar;Não tenho opinião / Não sei;Não tenho opinião / Não sei;Me interesso em usar;Me interesso em usar;Já usei;Não tenho opinião / Não sei;Não tenho opinião / Não sei;Não tenho opinião / Não sei;Não tenho opinião / Não sei;;"MinIO;Apache Iceberg;Apache Hadoop HDFS;";Me interesso em usar;Não tenho opinião / Não sei;Não tenho opinião / Não sei;Me interesso em usar;Não tenho opinião / Não sei;Me interesso em usar;Não tenho opinião / Não sei;Não tenho opinião / Não sei;Não tenho opinião / Não sei;Não tenho opinião / Não sei;Não tenho opinião / Não sei;Já usei;Me interesso em usar;Não tenho opinião / Não sei;;"OpenMetadata;Ckan;Polaris Catalog;";Me interesso em usar;Não tenho opinião / Não sei;Não tenho opinião / Não sei;Não tenho opinião / Não sei;Não tenho opinião / Não sei;Me interesso em usar;Não tenho opinião / Não sei;Não tenho opinião / Não sei;Não tenho opinião / Não sei;Me interesso em usar;Não tenho opinião / Não sei;Não tenho opinião / Não sei;Me interesso em usar;Me interesso em usar;Não tenho opinião / Não sei;Não tenho opinião / Não sei;Não tenho opinião / Não sei;Não tenho opinião / Não sei;Não tenho opinião / Não sei;;"Keycloak;HashiCorp Vault;OPA Open Policy Agent;";Já usei;Me interesso em usar;Me interesso em usar;Não tenho opinião / Não sei;Não tenho opinião / Não sei;Me interesso em usar;Não tenho opinião / Não sei;Não tenho opinião / Não sei;Não tenho opinião / Não sei;Não tenho opinião / Não sei;Não tenho opinião / Não sei;Não tenho opinião / Não sei;Me interesso em usar;Não tenho opinião / Não sei;;"Apache Airflow;Prefect;Kestra;";Não tenho opinião / Não sei;Me interesso em usar;Me interesso em usar;Me interesso em usar;Não tenho opinião / Não sei;Não tenho opinião / Não sei;Não tenho opinião / Não sei;Não tenho opinião / Não sei;Não tenho opinião / Não sei;Não tenho opinião / Não sei;Não tenho opinião / Não sei;Não tenho opinião / Não sei;Não tenho opinião / Não sei;;"Great Expectations;Soda;Pandera;";Não tenho opinião / Não sei;Me interesso em usar;Me interesso em usar;Me interesso em usar;Não tenho opinião / Não sei;Me interesso em usar;Não tenho opinião / Não sei;Não tenho opinião / Não sei;Não tenho opinião / Não sei;Não tenho opinião / Não sei;Não tenho opinião / Não sei;Não tenho opinião / Não sei;Não tenho opinião / Não sei;;"OpenTelemetry;Prometheus;Grafana;"
13;2026-03-03 14:31:42;2026-03-03 14:38:55;0362504@cepel.br;Zhang Yuan;;Já usei;Uso atualmente;Uso atualmente;"File storage;Object storage;";Uso atualmente;Uso atualmente;Uso atualmente;Me interesso em usar;Já usei;"Data lake;Data warehouse;Data lakehouse;";Uso atualmente;Me interesso em usar;Me interesso em usar;Já usei;Já usei;Já usei;Me interesso em usar;Me interesso em usar;Uso atualmente;Uso atualmente;Uso atualmente;Uso atualmente;Já usei;Me interesso em usar;Não tenho opinião / Não sei;;"Databricks;Snowflake;Delta Lake;";Me interesso em usar;Já usei;Já usei;Me interesso em usar;Me interesso em usar;Me interesso em usar;Me interesso em usar;Me interesso em usar;Me interesso em usar;Me interesso em usar;Já usei;Uso atualmente;Uso atualmente;Não tenho opinião / Não sei;;"Polaris Catalog;Unity Catalog;Apache Atlas;";Já usei;Me interesso em usar;Me interesso em usar;Me interesso em usar;Me interesso em usar;Já usei;Me interesso em usar;Me interesso em usar;Me interesso em usar;Me interesso em usar;Me interesso em usar;Me interesso em usar;Me interesso em usar;Me interesso em usar;Uso atualmente;Me interesso em usar;Me interesso em usar;Me interesso em usar;Não tenho opinião / Não sei;;"Sonar Qube;Keycloak;HashiCorp Vault;";Uso atualmente;Me interesso em usar;Já usei;Já usei;Me interesso em usar;Me interesso em usar;Me interesso em usar;Me interesso em usar;Me interesso em usar;Me interesso em usar;Me interesso em usar;Me interesso em usar;Já usei;Já usei;databricks, data factory;"Apache Airflow;Dagster;Luigi;";Me interesso em usar;Uso atualmente;Uso atualmente;Uso atualmente;Me interesso em usar;Me interesso em usar;Me interesso em usar;Me interesso em usar;Me interesso em usar;Me interesso em usar;Me interesso em usar;Me interesso em usar;Não tenho opinião / Não sei;;"Great Expectations;Soda;Pandera;";Me interesso em usar;Me interesso em usar;Me interesso em usar;Já usei;Me interesso em usar;Já usei;Me interesso em usar;Me interesso em usar;Me interesso em usar;Uso atualmente;Já usei;Me interesso em usar;Não tenho opinião / Não sei;;"New Relic;Grafana;ELK Stack (Elastic, Logstash, Kibana);"
14;2026-03-03 14:46:05;2026-03-03 14:55:13;0360708@cepel.br;Wilson Albuquerque Ramos;;Me interesso em usar;Já usei;Já usei;"File storage;Object storage;";Me interesso em usar;Me interesso em usar;Me interesso em usar;Não tenho opinião / Não sei;Não tenho opinião / Não sei;"Data lake;Data warehouse;Data lakehouse;";Não tenho opinião / Não sei;Não tenho opinião / Não sei;Não tenho opinião / Não sei;Já usei;Não tenho opinião / Não sei;Não tenho opinião / Não sei;Não tenho opinião / Não sei;Não tenho opinião / Não sei;Não tenho opinião / Não sei;Não tenho opinião / Não sei;Não tenho opinião / Não sei;Não tenho opinião / Não sei;Não tenho opinião / Não sei;Me interesso em usar;Não tenho opinião / Não sei;;"MinIO;Ceph;Snowflake;";Não tenho opinião / Não sei;Não tenho opinião / Não sei;Não tenho opinião / Não sei;Não tenho opinião / Não sei;Não tenho opinião / Não sei;Não tenho opinião / Não sei;Não tenho opinião / Não sei;Não tenho opinião / Não sei;Não tenho opinião / Não sei;Não tenho opinião / Não sei;Não tenho opinião / Não sei;Não tenho opinião / Não sei;Não tenho opinião / Não sei;Não tenho opinião / Não sei;;"Atlan;Immuta;Apache Atlas;";Não tenho opinião / Não sei;Não tenho opinião / Não sei;Não tenho opinião / Não sei;Não tenho opinião / Não sei;Não tenho opinião / Não sei;Já usei;Não tenho opinião / Não sei;Não tenho opinião / Não sei;Não tenho opinião / Não sei;Não tenho opinião / Não sei;Não tenho opinião / Não sei;Não tenho opinião / Não sei;Não tenho opinião / Não sei;Não tenho opinião / Não sei;Já usei;Não tenho opinião / Não sei;Não tenho opinião / Não sei;Não tenho opinião / Não sei;Não tenho opinião / Não sei;;"Keycloak;Authentik;Apache Ranger;";Me interesso em usar;Não tenho opinião / Não sei;Não tenho opinião / Não sei;Não tenho opinião / Não sei;Não tenho opinião / Não sei;Não tenho opinião / Não sei;Não tenho opinião / Não sei;Não tenho opinião / Não sei;Não tenho opinião / Não sei;Me interesso em usar;Não tenho opinião / Não sei;Não tenho opinião / Não sei;Uso atualmente;Não tenho opinião / Não sei;;"Jenkins;Mage;Kestra;";Não tenho opinião / Não sei;Não tenho opinião / Não sei;Não tenho opinião / Não sei;Não tenho opinião / Não sei;Não tenho opinião / Não sei;Não tenho opinião / Não sei;Não tenho opinião / Não sei;Não tenho opinião / Não sei;Não tenho opinião / Não sei;Não tenho opinião / Não sei;Não tenho opinião / Não sei;Não tenho opinião / Não sei;Não tenho opinião / Não sei;;"Metaplane;Soda;Monte Carlo;";Me interesso em usar;Me interesso em usar;Me interesso em usar;Me interesso em usar;Não tenho opinião / Não sei;Me interesso em usar;Não tenho opinião / Não sei;Não tenho opinião / Não sei;Não tenho opinião / Não sei;Não tenho opinião / Não sei;Me interesso em usar;Não tenho opinião / Não sei;Não tenho opinião / Não sei;;"Datadog;ELK Stack (Elastic, Logstash, Kibana);Prometheus;"
15;2026-03-03 14:53:09;2026-03-03 14:59:30;vcastell@cepel.br;Valk Luiz de Oliveira Castellani;;Não tenho opinião / Não sei;Já usei;Não tenho opinião / Não sei;"File storage;";Me interesso em usar;Me interesso em usar;Não tenho opinião / Não sei;Não tenho opinião / Não sei;Não tenho opinião / Não sei;"Data lake;";Não tenho opinião / Não sei;Não tenho opinião / Não sei;Não tenho opinião / Não sei;Me interesso em usar;Não tenho opinião / Não sei;Não tenho opinião / Não sei;Não tenho opinião / Não sei;Não tenho opinião / Não sei;Não tenho opinião / Não sei;Não tenho opinião / Não sei;Não tenho opinião / Não sei;Não tenho opinião / Não sei;Não tenho opinião / Não sei;Não tenho opinião / Não sei;Não tenho opinião / Não sei;;"MinIO;";Não tenho opinião / Não sei;Não tenho opinião / Não sei;Não tenho opinião / Não sei;Não tenho opinião / Não sei;Não tenho opinião / Não sei;Não tenho opinião / Não sei;Não tenho opinião / Não sei;Não tenho opinião / Não sei;Não tenho opinião / Não sei;Não tenho opinião / Não sei;Não tenho opinião / Não sei;Não tenho opinião / Não sei;Não tenho opinião / Não sei;Não tenho opinião / Não sei;;;Não tenho opinião / Não sei;Não tenho opinião / Não sei;Não tenho opinião / Não sei;Não tenho opinião / Não sei;Não tenho opinião / Não sei;Uso atualmente;Não tenho opinião / Não sei;Não tenho opinião / Não sei;Não tenho opinião / Não sei;Não tenho opinião / Não sei;Não tenho opinião / Não sei;Não tenho opinião / Não sei;Não tenho opinião / Não sei;Não tenho opinião / Não sei;Me interesso em usar;Me interesso em usar;Não tenho opinião / Não sei;Não tenho opinião / Não sei;Não tenho opinião / Não sei;;"Keycloak;OWASP;Sonar Qube;";Não tenho opinião / Não sei;Não tenho opinião / Não sei;Não tenho opinião / Não sei;Não tenho opinião / Não sei;Não tenho opinião / Não sei;Não tenho opinião / Não sei;Não tenho opinião / Não sei;Não tenho opinião / Não sei;Não tenho opinião / Não sei;Não tenho opinião / Não sei;Não tenho opinião / Não sei;Não tenho opinião / Não sei;Uso atualmente;Não tenho opinião / Não sei;;"Jenkins;";Não tenho opinião / Não sei;Não tenho opinião / Não sei;Não tenho opinião / Não sei;Não tenho opinião / Não sei;Não tenho opinião / Não sei;Não tenho opinião / Não sei;Não tenho opinião / Não sei;Não tenho opinião / Não sei;Não tenho opinião / Não sei;Não tenho opinião / Não sei;Não tenho opinião / Não sei;Não tenho opinião / Não sei;Não tenho opinião / Não sei;;;Não tenho opinião / Não sei;Não tenho opinião / Não sei;Não tenho opinião / Não sei;Me interesso em usar;Não tenho opinião / Não sei;Não tenho opinião / Não sei;Não tenho opinião / Não sei;Não tenho opinião / Não sei;Não tenho opinião / Não sei;Não tenho opinião / Não sei;Não tenho opinião / Não sei;Não tenho opinião / Não sei;Não tenho opinião / Não sei;;"Grafana;"
16;2026-03-03 15:03:50;2026-03-03 15:06:29;0360152@cepel.br;Thiago Gomes Da Silva;;Não tenho opinião / Não sei;Não tenho opinião / Não sei;Não tenho opinião / Não sei;;Não tenho opinião / Não sei;Não tenho opinião / Não sei;Não tenho opinião / Não sei;Não tenho opinião / Não sei;Não tenho opinião / Não sei;;Não tenho opinião / Não sei;Não tenho opinião / Não sei;Não tenho opinião / Não sei;Não tenho opinião / Não sei;Não tenho opinião / Não sei;Não tenho opinião / Não sei;Não tenho opinião / Não sei;Não tenho opinião / Não sei;Não tenho opinião / Não sei;Não tenho opinião / Não sei;Não tenho opinião / Não sei;Não tenho opinião / Não sei;Não tenho opinião / Não sei;Não tenho opinião / Não sei;Não tenho opinião / Não sei;;;Não tenho opinião / Não sei;Não tenho opinião / Não sei;Não tenho opinião / Não sei;Não tenho opinião / Não sei;Não tenho opinião / Não sei;Não tenho opinião / Não sei;Não tenho opinião / Não sei;Não tenho opinião / Não sei;Não tenho opinião / Não sei;Não tenho opinião / Não sei;Não tenho opinião / Não sei;Não tenho opinião / Não sei;Não tenho opinião / Não sei;Não tenho opinião / Não sei;;;Não tenho opinião / Não sei;Não tenho opinião / Não sei;Não tenho opinião / Não sei;Não tenho opinião / Não sei;Não tenho opinião / Não sei;Já usei;Não tenho opinião / Não sei;Não tenho opinião / Não sei;Não tenho opinião / Não sei;Não tenho opinião / Não sei;Não tenho opinião / Não sei;Não tenho opinião / Não sei;Não tenho opinião / Não sei;Não tenho opinião / Não sei;Não tenho opinião / Não sei;Não tenho opinião / Não sei;Não tenho opinião / Não sei;Não tenho opinião / Não sei;Não tenho opinião / Não sei;;;Não tenho opinião / Não sei;Não tenho opinião / Não sei;Não tenho opinião / Não sei;Não tenho opinião / Não sei;Não tenho opinião / Não sei;Não tenho opinião / Não sei;Não tenho opinião / Não sei;Não tenho opinião / Não sei;Não tenho opinião / Não sei;Não tenho opinião / Não sei;Não tenho opinião / Não sei;Não tenho opinião / Não sei;Já usei;Não tenho opinião / Não sei;;;Não tenho opinião / Não sei;Não tenho opinião / Não sei;Não tenho opinião / Não sei;Não tenho opinião / Não sei;Não tenho opinião / Não sei;Não tenho opinião / Não sei;Não tenho opinião / Não sei;Não tenho opinião / Não sei;Não tenho opinião / Não sei;Não tenho opinião / Não sei;Não tenho opinião / Não sei;Não tenho opinião / Não sei;Não tenho opinião / Não sei;;;Não tenho opinião / Não sei;Não tenho opinião / Não sei;Já usei;Já usei;Não tenho opinião / Não sei;Não tenho opinião / Não sei;Não tenho opinião / Não sei;Não tenho opinião / Não sei;Não tenho opinião / Não sei;Não tenho opinião / Não sei;Não tenho opinião / Não sei;Não tenho opinião / Não sei;Não tenho opinião / Não sei;;
17;2026-03-03 15:06:41;2026-03-03 15:17:55;0360528@cepel.br;Claudio da Silva Pereira;;Já usei;Já usei;Já usei;"Object storage;Block storage;";Já usei;Já usei;Me interesso em usar;Me interesso em usar;Me interesso em usar;"Data warehouse;Data lake;";Já usei;Não tenho opinião / Não sei;Não tenho opinião / Não sei;Já usei;Não tenho opinião / Não sei;Não tenho opinião / Não sei;Não tenho opinião / Não sei;Não tenho opinião / Não sei;Não tenho opinião / Não sei;Me interesso em usar;Me interesso em usar;Me interesso em usar;Me interesso em usar;Não tenho opinião / Não sei;Não tenho opinião / Não sei;;"MinIO;Apache Hadoop HDFS;";Não tenho opinião / Não sei;Não tenho opinião / Não sei;Não tenho opinião / Não sei;Não tenho opinião / Não sei;Não tenho opinião / Não sei;Não tenho opinião / Não sei;Não tenho opinião / Não sei;Não tenho opinião / Não sei;Não tenho opinião / Não sei;Não tenho opinião / Não sei;Não tenho opinião / Não sei;Não tenho opinião / Não sei;Não tenho opinião / Não sei;Não tenho opinião / Não sei;;"Outro;";Já usei;Não tenho opinião / Não sei;Não tenho opinião / Não sei;Não tenho opinião / Não sei;Não tenho opinião / Não sei;Uso atualmente;Já usei;Não tenho opinião / Não sei;Não tenho opinião / Não sei;Me interesso em usar;Não tenho opinião / Não sei;Não tenho opinião / Não sei;Não tenho opinião / Não sei;Não tenho opinião / Não sei;Já usei;Me interesso em usar;Não tenho opinião / Não sei;Não tenho opinião / Não sei;Não tenho opinião / Não sei;;"HashiCorp Vault;Keycloak;Kerberos;";Já usei;Não tenho opinião / Não sei;Não tenho opinião / Não sei;Não tenho opinião / Não sei;Não tenho opinião / Não sei;Não tenho opinião / Não sei;Não tenho opinião / Não sei;Não tenho opinião / Não sei;Não tenho opinião / Não sei;Não tenho opinião / Não sei;Não tenho opinião / Não sei;Não tenho opinião / Não sei;Uso atualmente;Não tenho opinião / Não sei;;"Apache Airflow;Jenkins;";Não tenho opinião / Não sei;Não tenho opinião / Não sei;Não tenho opinião / Não sei;Não tenho opinião / Não sei;Não tenho opinião / Não sei;Não tenho opinião / Não sei;Não tenho opinião / Não sei;Não tenho opinião / Não sei;Não tenho opinião / Não sei;Não tenho opinião / Não sei;Não tenho opinião / Não sei;Não tenho opinião / Não sei;Não tenho opinião / Não sei;;"Outro;";Já usei;Já usei;Já usei;Já usei;Me interesso em usar;Já usei;Não tenho opinião / Não sei;Não tenho opinião / Não sei;Não tenho opinião / Não sei;Não tenho opinião / Não sei;Não tenho opinião / Não sei;Não tenho opinião / Não sei;Não tenho opinião / Não sei;;"Zabbix;Prometheus;Grafana;"
18;2026-03-03 16:09:12;2026-03-03 17:19:46;0360513@cepel.br;Alan Franco Rosa;;Uso atualmente;Uso atualmente;Me interesso em usar;"Object storage;Block storage;";Já usei;Uso atualmente;Me interesso em usar;Me interesso em usar;Me interesso em usar;"Data lakehouse;Data lake;Data fabric;";Já usei;Não tenho opinião / Não sei;Não tenho opinião / Não sei;Me interesso em usar;Não tenho opinião / Não sei;Não tenho opinião / Não sei;Não tenho opinião / Não sei;Não tenho opinião / Não sei;Não tenho opinião / Não sei;Me interesso em usar;Me interesso em usar;Me interesso em usar;Me interesso em usar;Me interesso em usar;Não tenho opinião / Não sei;;"Delta Lake;Databricks;MinIO;";Não tenho opinião / Não sei;Me interesso em usar;Não tenho opinião / Não sei;Me interesso em usar;Não tenho opinião / Não sei;Não tenho opinião / Não sei;Não tenho opinião / Não sei;Não tenho opinião / Não sei;Não tenho opinião / Não sei;Me interesso em usar;Me interesso em usar;Me interesso em usar;Não tenho opinião / Não sei;Não tenho opinião / Não sei;;"Unity Catalog;Hive Metastore;DataHub;";Me interesso em usar;Não tenho opinião / Não sei;Não tenho opinião / Não sei;Não tenho opinião / Não sei;Não tenho opinião / Não sei;Uso atualmente;Uso atualmente;Não tenho opinião / Não sei;Não tenho opinião / Não sei;Não tenho opinião / Não sei;Não tenho opinião / Não sei;Não tenho opinião / Não sei;Me interesso em usar;Não tenho opinião / Não sei;Uso atualmente;Uso atualmente;Me interesso em usar;Não tenho opinião / Não sei;Me interesso em usar;Cyberark e Zscaler;"Keycloak;HashiCorp Vault;Apache Ranger;";Me interesso em usar;Me interesso em usar;Me interesso em usar;Não tenho opinião / Não sei;Não tenho opinião / Não sei;Não tenho opinião / Não sei;Não tenho opinião / Não sei;Não tenho opinião / Não sei;Não tenho opinião / Não sei;Não tenho opinião / Não sei;Não tenho opinião / Não sei;Me interesso em usar;Já usei;Não tenho opinião / Não sei;;"Apache Airflow;Dagster;Argo Workflows;";Me interesso em usar;Não tenho opinião / Não sei;Me interesso em usar;Me interesso em usar;Não tenho opinião / Não sei;Não tenho opinião / Não sei;Não preciso / Não se aplica;Me interesso em usar;Me interesso em usar;Não tenho opinião / Não sei;Não tenho opinião / Não sei;Não tenho opinião / Não sei;Não tenho opinião / Não sei;;"Monte Carlo;Great Expectations;Datafold;";Já usei;Me interesso em usar;Me interesso em usar;Uso atualmente;Me interesso em usar;Já usei;Não tenho opinião / Não sei;Não tenho opinião / Não sei;Me interesso em usar;Não tenho opinião / Não sei;Me interesso em usar;Não preciso / Não se aplica;Não tenho opinião / Não sei;;"Grafana;Zabbix;OpenTelemetry;"
19;2026-03-04 11:01:54;2026-03-04 11:07:34;0360529@cepel.br;Fábio Lares dos Santos;;Não tenho opinião / Não sei;Não tenho opinião / Não sei;Não tenho opinião / Não sei;;Não tenho opinião / Não sei;Já usei;Não tenho opinião / Não sei;Não tenho opinião / Não sei;Não tenho opinião / Não sei;;Já usei;Não tenho opinião / Não sei;Não tenho opinião / Não sei;Já usei;Não tenho opinião / Não sei;Não tenho opinião / Não sei;Não tenho opinião / Não sei;Não tenho opinião / Não sei;Não tenho opinião / Não sei;Não tenho opinião / Não sei;Não tenho opinião / Não sei;Não tenho opinião / Não sei;Não tenho opinião / Não sei;Não tenho opinião / Não sei;Não preciso / Não se aplica;;;Não tenho opinião / Não sei;Não tenho opinião / Não sei;Não tenho opinião / Não sei;Não tenho opinião / Não sei;Não tenho opinião / Não sei;Não tenho opinião / Não sei;Não tenho opinião / Não sei;Não tenho opinião / Não sei;Não tenho opinião / Não sei;Não tenho opinião / Não sei;Não tenho opinião / Não sei;Não tenho opinião / Não sei;Não tenho opinião / Não sei;Não preciso / Não se aplica;;;Não tenho opinião / Não sei;Não tenho opinião / Não sei;Não tenho opinião / Não sei;Não tenho opinião / Não sei;Não tenho opinião / Não sei;Já usei;Não tenho opinião / Não sei;Não tenho opinião / Não sei;Não tenho opinião / Não sei;Não tenho opinião / Não sei;Não tenho opinião / Não sei;Não tenho opinião / Não sei;Não tenho opinião / Não sei;Não tenho opinião / Não sei;Já usei;Não tenho opinião / Não sei;Não tenho opinião / Não sei;Não tenho opinião / Não sei;Não preciso / Não se aplica;;;Não tenho opinião / Não sei;Não tenho opinião / Não sei;Não tenho opinião / Não sei;Não tenho opinião / Não sei;Não tenho opinião / Não sei;Não tenho opinião / Não sei;Não tenho opinião / Não sei;Não tenho opinião / Não sei;Não tenho opinião / Não sei;Não tenho opinião / Não sei;Não tenho opinião / Não sei;Não tenho opinião / Não sei;Uso atualmente;Não preciso / Não se aplica;;;Não tenho opinião / Não sei;Não tenho opinião / Não sei;Não tenho opinião / Não sei;Não tenho opinião / Não sei;Não tenho opinião / Não sei;Não tenho opinião / Não sei;Não tenho opinião / Não sei;Não tenho opinião / Não sei;Não tenho opinião / Não sei;Não tenho opinião / Não sei;Não tenho opinião / Não sei;Não tenho opinião / Não sei;Não preciso / Não se aplica;;;Não tenho opinião / Não sei;Não tenho opinião / Não sei;Não tenho opinião / Não sei;Não tenho opinião / Não sei;Não tenho opinião / Não sei;Não tenho opinião / Não sei;Não tenho opinião / Não sei;Não tenho opinião / Não sei;Não tenho opinião / Não sei;Não tenho opinião / Não sei;Não tenho opinião / Não sei;Não tenho opinião / Não sei;Não preciso / Não se aplica;;
20;2026-03-04 15:49:51;2026-03-04 15:57:24;0360156@cepel.br;Daniel Guimaraes Da Mota;;Não tenho opinião / Não sei;Uso atualmente;Não tenho opinião / Não sei;"File storage;";Uso atualmente;Não tenho opinião / Não sei;Não tenho opinião / Não sei;Não tenho opinião / Não sei;Não tenho opinião / Não sei;"Data warehouse;";Não tenho opinião / Não sei;Não tenho opinião / Não sei;Não tenho opinião / Não sei;Não tenho opinião / Não sei;Não tenho opinião / Não sei;Não tenho opinião / Não sei;Não tenho opinião / Não sei;Não tenho opinião / Não sei;Não tenho opinião / Não sei;Não tenho opinião / Não sei;Me interesso em usar;Não tenho opinião / Não sei;Não tenho opinião / Não sei;Não tenho opinião / Não sei;Não tenho opinião / Não sei;;"Databricks;";Não tenho opinião / Não sei;Não tenho opinião / Não sei;Não tenho opinião / Não sei;Não tenho opinião / Não sei;Não tenho opinião / Não sei;Não tenho opinião / Não sei;Não tenho opinião / Não sei;Não tenho opinião / Não sei;Não tenho opinião / Não sei;Não tenho opinião / Não sei;Não tenho opinião / Não sei;Não tenho opinião / Não sei;Não tenho opinião / Não sei;Não tenho opinião / Não sei;;;Não tenho opinião / Não sei;Não tenho opinião / Não sei;Não tenho opinião / Não sei;Não tenho opinião / Não sei;Não tenho opinião / Não sei;Não tenho opinião / Não sei;Não tenho opinião / Não sei;Não tenho opinião / Não sei;Não tenho opinião / Não sei;Não tenho opinião / Não sei;Não tenho opinião / Não sei;Não tenho opinião / Não sei;Não tenho opinião / Não sei;Não tenho opinião / Não sei;Não tenho opinião / Não sei;Não tenho opinião / Não sei;Não tenho opinião / Não sei;Não tenho opinião / Não sei;Não tenho opinião / Não sei;;;Não tenho opinião / Não sei;Não tenho opinião / Não sei;Não tenho opinião / Não sei;Não tenho opinião / Não sei;Não tenho opinião / Não sei;Não tenho opinião / Não sei;Não tenho opinião / Não sei;Não tenho opinião / Não sei;Não tenho opinião / Não sei;Não tenho opinião / Não sei;Não tenho opinião / Não sei;Não tenho opinião / Não sei;Me interesso em usar;Não tenho opinião / Não sei;;"Jenkins;";Não tenho opinião / Não sei;Não tenho opinião / Não sei;Não tenho opinião / Não sei;Não tenho opinião / Não sei;Não tenho opinião / Não sei;Não tenho opinião / Não sei;Não tenho opinião / Não sei;Não tenho opinião / Não sei;Não tenho opinião / Não sei;Não tenho opinião / Não sei;Não tenho opinião / Não sei;Não tenho opinião / Não sei;Não tenho opinião / Não sei;;;Não tenho opinião / Não sei;Não tenho opinião / Não sei;Não tenho opinião / Não sei;Não tenho opinião / Não sei;Não tenho opinião / Não sei;Não tenho opinião / Não sei;Não tenho opinião / Não sei;Não tenho opinião / Não sei;Não tenho opinião / Não sei;Não tenho opinião / Não sei;Não tenho opinião / Não sei;Não tenho opinião / Não sei;Não tenho opinião / Não sei;;
21;2026-03-05 15:33:41;2026-03-05 15:46:10;0361970@cepel.br;Luis Sa;;Me interesso em usar;Me interesso em usar;Uso atualmente;"Object storage;";Me interesso em usar;Uso atualmente;Me interesso em usar;Me interesso em usar;Me interesso em usar;"Data lake;Data warehouse;";Não tenho opinião / Não sei;Não tenho opinião / Não sei;Não tenho opinião / Não sei;Já usei;Não tenho opinião / Não sei;Não tenho opinião / Não sei;Não tenho opinião / Não sei;Não tenho opinião / Não sei;Não tenho opinião / Não sei;Não tenho opinião / Não sei;Não tenho opinião / Não sei;Não tenho opinião / Não sei;Não tenho opinião / Não sei;Não tenho opinião / Não sei;Não tenho opinião / Não sei;;"MinIO;";Me interesso em usar;Não tenho opinião / Não sei;Não tenho opinião / Não sei;Me interesso em usar;Não tenho opinião / Não sei;Não tenho opinião / Não sei;Não tenho opinião / Não sei;Não tenho opinião / Não sei;Não tenho opinião / Não sei;Não tenho opinião / Não sei;Não tenho opinião / Não sei;Não tenho opinião / Não sei;Não tenho opinião / Não sei;Não tenho opinião / Não sei;;;Me interesso em usar;Não tenho opinião / Não sei;Não tenho opinião / Não sei;Não tenho opinião / Não sei;Não tenho opinião / Não sei;Me interesso em usar;Não tenho opinião / Não sei;Não tenho opinião / Não sei;Não tenho opinião / Não sei;Não tenho opinião / Não sei;Não tenho opinião / Não sei;Não tenho opinião / Não sei;Não tenho opinião / Não sei;Não tenho opinião / Não sei;Me interesso em usar;Me interesso em usar;Não tenho opinião / Não sei;Não tenho opinião / Não sei;Não tenho opinião / Não sei;;"Keycloak;Sonar Qube;";Me interesso em usar;Não tenho opinião / Não sei;Não tenho opinião / Não sei;Não tenho opinião / Não sei;Não tenho opinião / Não sei;Não tenho opinião / Não sei;Não tenho opinião / Não sei;Não tenho opinião / Não sei;Não tenho opinião / Não sei;Não tenho opinião / Não sei;Não tenho opinião / Não sei;Não tenho opinião / Não sei;Uso atualmente;Não tenho opinião / Não sei;;"Apache Airflow;Jenkins;";Não tenho opinião / Não sei;Não tenho opinião / Não sei;Não tenho opinião / Não sei;Não tenho opinião / Não sei;Não tenho opinião / Não sei;Não tenho opinião / Não sei;Não tenho opinião / Não sei;Não tenho opinião / Não sei;Não tenho opinião / Não sei;Não tenho opinião / Não sei;Não tenho opinião / Não sei;Não tenho opinião / Não sei;Não tenho opinião / Não sei;;;Me interesso em usar;Me interesso em usar;Me interesso em usar;Me interesso em usar;Me interesso em usar;Me interesso em usar;Não tenho opinião / Não sei;Me interesso em usar;Não tenho opinião / Não sei;Não tenho opinião / Não sei;Não tenho opinião / Não sei;Não tenho opinião / Não sei;Não tenho opinião / Não sei;;"OpenTelemetry;Prometheus;Grafana;"
22;2026-03-05 16:41:33;2026-03-05 16:46:48;0361773@cepel.br;Andre Rodrigues;;Não tenho opinião / Não sei;Já usei;Não tenho opinião / Não sei;"File storage;";Uso atualmente;Uso atualmente;Uso atualmente;Já usei;Uso atualmente;"Data lake;Data mesh;Data lakehouse;";Não tenho opinião / Não sei;Não tenho opinião / Não sei;Não tenho opinião / Não sei;Não tenho opinião / Não sei;Não tenho opinião / Não sei;Não tenho opinião / Não sei;Não tenho opinião / Não sei;Não tenho opinião / Não sei;Não tenho opinião / Não sei;Não tenho opinião / Não sei;Não tenho opinião / Não sei;Não tenho opinião / Não sei;Não tenho opinião / Não sei;Não tenho opinião / Não sei;Não tenho opinião / Não sei;;;Não tenho opinião / Não sei;Não tenho opinião / Não sei;Não tenho opinião / Não sei;Não tenho opinião / Não sei;Não tenho opinião / Não sei;Não tenho opinião / Não sei;Não tenho opinião / Não sei;Não tenho opinião / Não sei;Já usei;Não tenho opinião / Não sei;Não tenho opinião / Não sei;Não tenho opinião / Não sei;Não tenho opinião / Não sei;Não tenho opinião / Não sei;GCP;"Outro;";Não tenho opinião / Não sei;Não tenho opinião / Não sei;Não tenho opinião / Não sei;Não tenho opinião / Não sei;Não tenho opinião / Não sei;Não tenho opinião / Não sei;Não tenho opinião / Não sei;Não tenho opinião / Não sei;Não tenho opinião / Não sei;Não tenho opinião / Não sei;Não tenho opinião / Não sei;Não tenho opinião / Não sei;Não tenho opinião / Não sei;Não tenho opinião / Não sei;Não tenho opinião / Não sei;Não tenho opinião / Não sei;Não tenho opinião / Não sei;Não tenho opinião / Não sei;Não tenho opinião / Não sei;;;Uso atualmente;Não tenho opinião / Não sei;Não tenho opinião / Não sei;Não tenho opinião / Não sei;Não tenho opinião / Não sei;Não tenho opinião / Não sei;Não tenho opinião / Não sei;Não tenho opinião / Não sei;Não tenho opinião / Não sei;Não tenho opinião / Não sei;Não tenho opinião / Não sei;Não tenho opinião / Não sei;Não tenho opinião / Não sei;Uso atualmente;GCP;"Apache Airflow;Outro;";Não tenho opinião / Não sei;Não tenho opinião / Não sei;Não tenho opinião / Não sei;Não tenho opinião / Não sei;Não tenho opinião / Não sei;Não tenho opinião / Não sei;Não tenho opinião / Não sei;Não tenho opinião / Não sei;Não tenho opinião / Não sei;Não tenho opinião / Não sei;Não tenho opinião / Não sei;Não tenho opinião / Não sei;Não tenho opinião / Não sei;;;Não tenho opinião / Não sei;Não tenho opinião / Não sei;Não tenho opinião / Não sei;Não tenho opinião / Não sei;Não tenho opinião / Não sei;Não tenho opinião / Não sei;Não tenho opinião / Não sei;Não tenho opinião / Não sei;Não tenho opinião / Não sei;Não tenho opinião / Não sei;Não tenho opinião / Não sei;Não tenho opinião / Não sei;Não tenho opinião / Não sei;;
23;2026-03-06 11:29:59;2026-03-06 11:58:28;0360704@cepel.br;Raul Procópio Mota;;Não tenho opinião / Não sei;Não tenho opinião / Não sei;Não tenho opinião / Não sei;;Não tenho opinião / Não sei;Não tenho opinião / Não sei;Não tenho opinião / Não sei;Não tenho opinião / Não sei;Não tenho opinião / Não sei;;Não tenho opinião / Não sei;Não tenho opinião / Não sei;Não tenho opinião / Não sei;Não tenho opinião / Não sei;Não tenho opinião / Não sei;Não tenho opinião / Não sei;Não tenho opinião / Não sei;Não tenho opinião / Não sei;Não tenho opinião / Não sei;Não tenho opinião / Não sei;Não tenho opinião / Não sei;Não tenho opinião / Não sei;Não tenho opinião / Não sei;Não tenho opinião / Não sei;Não tenho opinião / Não sei;;;Não tenho opinião / Não sei;Não tenho opinião / Não sei;Não tenho opinião / Não sei;Não tenho opinião / Não sei;Não tenho opinião / Não sei;Não tenho opinião / Não sei;Não tenho opinião / Não sei;Não tenho opinião / Não sei;Não tenho opinião / Não sei;Não tenho opinião / Não sei;Não tenho opinião / Não sei;Não tenho opinião / Não sei;Não tenho opinião / Não sei;Não tenho opinião / Não sei;;;Não tenho opinião / Não sei;Não tenho opinião / Não sei;Não tenho opinião / Não sei;Não tenho opinião / Não sei;Não tenho opinião / Não sei;Não tenho opinião / Não sei;Não tenho opinião / Não sei;Não tenho opinião / Não sei;Não tenho opinião / Não sei;Não tenho opinião / Não sei;Não tenho opinião / Não sei;Não tenho opinião / Não sei;Não tenho opinião / Não sei;Não tenho opinião / Não sei;Não tenho opinião / Não sei;Não tenho opinião / Não sei;Não tenho opinião / Não sei;Não tenho opinião / Não sei;Não tenho opinião / Não sei;;;Não tenho opinião / Não sei;Não tenho opinião / Não sei;Não tenho opinião / Não sei;Não tenho opinião / Não sei;Não tenho opinião / Não sei;Não tenho opinião / Não sei;Não tenho opinião / Não sei;Não tenho opinião / Não sei;Não tenho opinião / Não sei;Não tenho opinião / Não sei;Não tenho opinião / Não sei;Não tenho opinião / Não sei;Não tenho opinião / Não sei;Não tenho opinião / Não sei;;;Me interesso em usar;Não tenho opinião / Não sei;Não tenho opinião / Não sei;Não tenho opinião / Não sei;Não tenho opinião / Não sei;Não tenho opinião / Não sei;Não tenho opinião / Não sei;Não tenho opinião / Não sei;Não tenho opinião / Não sei;Não tenho opinião / Não sei;Não tenho opinião / Não sei;Não tenho opinião / Não sei;Não tenho opinião / Não sei;;"Monte Carlo;";Não tenho opinião / Não sei;Não tenho opinião / Não sei;Não tenho opinião / Não sei;Não tenho opinião / Não sei;Não tenho opinião / Não sei;Não tenho opinião / Não sei;Não tenho opinião / Não sei;Não tenho opinião / Não sei;Não tenho opinião / Não sei;Não tenho opinião / Não sei;Não tenho opinião / Não sei;Não tenho opinião / Não sei;Não tenho opinião / Não sei;;
24;2026-03-06 18:31:17;2026-03-06 18:40:07;0361500@cepel.br;Miguel Costa;;Me interesso em usar;Já usei;Uso atualmente;"Block storage;";Não tenho opinião / Não sei;Não tenho opinião / Não sei;Não tenho opinião / Não sei;Não tenho opinião / Não sei;Não tenho opinião / Não sei;;Não tenho opinião / Não sei;Não tenho opinião / Não sei;Não tenho opinião / Não sei;Não tenho opinião / Não sei;Não tenho opinião / Não sei;Não tenho opinião / Não sei;Não tenho opinião / Não sei;Não tenho opinião / Não sei;Não tenho opinião / Não sei;Não tenho opinião / Não sei;Não tenho opinião / Não sei;Não tenho opinião / Não sei;Não tenho opinião / Não sei;Não tenho opinião / Não sei;Não preciso / Não se aplica;;;Não tenho opinião / Não sei;Não tenho opinião / Não sei;Não tenho opinião / Não sei;Não tenho opinião / Não sei;Não tenho opinião / Não sei;Não tenho opinião / Não sei;Não tenho opinião / Não sei;Não tenho opinião / Não sei;Não tenho opinião / Não sei;Não tenho opinião / Não sei;Não tenho opinião / Não sei;Não tenho opinião / Não sei;Não tenho opinião / Não sei;Não preciso / Não se aplica;;;Não tenho opinião / Não sei;Não tenho opinião / Não sei;Não tenho opinião / Não sei;Não tenho opinião / Não sei;Não tenho opinião / Não sei;Me interesso em usar;Me interesso em usar;Não tenho opinião / Não sei;Não tenho opinião / Não sei;Não tenho opinião / Não sei;Não tenho opinião / Não sei;Não tenho opinião / Não sei;Não tenho opinião / Não sei;Não tenho opinião / Não sei;Não tenho opinião / Não sei;Não tenho opinião / Não sei;Não tenho opinião / Não sei;Não tenho opinião / Não sei;Não preciso / Não se aplica;;;Não tenho opinião / Não sei;Não tenho opinião / Não sei;Não tenho opinião / Não sei;Não tenho opinião / Não sei;Não tenho opinião / Não sei;Não tenho opinião / Não sei;Não tenho opinião / Não sei;Não tenho opinião / Não sei;Não tenho opinião / Não sei;Não tenho opinião / Não sei;Não tenho opinião / Não sei;Não tenho opinião / Não sei;Não tenho opinião / Não sei;Não preciso / Não se aplica;;;Não tenho opinião / Não sei;Não tenho opinião / Não sei;Não tenho opinião / Não sei;Não tenho opinião / Não sei;Não tenho opinião / Não sei;Não tenho opinião / Não sei;Não tenho opinião / Não sei;Não tenho opinião / Não sei;Não tenho opinião / Não sei;Não tenho opinião / Não sei;Não tenho opinião / Não sei;Não tenho opinião / Não sei;Não preciso / Não se aplica;;;Não tenho opinião / Não sei;Me interesso em usar;Me interesso em usar;Me interesso em usar;Não tenho opinião / Não sei;Não tenho opinião / Não sei;Não tenho opinião / Não sei;Não tenho opinião / Não sei;Não tenho opinião / Não sei;Não tenho opinião / Não sei;Não tenho opinião / Não sei;Não tenho opinião / Não sei;Não preciso / Não se aplica;;
25;2026-03-06 19:46:07;2026-03-06 19:50:02;arthurlr@cepel.br;Arthur Linhares Esteves dos Reis;;Não tenho opinião / Não sei;Não tenho opinião / Não sei;Não tenho opinião / Não sei;;Me interesso em usar;Me interesso em usar;Me interesso em usar;Me interesso em usar;Me interesso em usar;;Não tenho opinião / Não sei;Não tenho opinião / Não sei;Não tenho opinião / Não sei;Não tenho opinião / Não sei;Não tenho opinião / Não sei;Não tenho opinião / Não sei;Não tenho opinião / Não sei;Não tenho opinião / Não sei;Não tenho opinião / Não sei;Não tenho opinião / Não sei;Não tenho opinião / Não sei;Não tenho opinião / Não sei;Não tenho opinião / Não sei;Não tenho opinião / Não sei;Não tenho opinião / Não sei;;;Não tenho opinião / Não sei;Não tenho opinião / Não sei;Não tenho opinião / Não sei;Não tenho opinião / Não sei;Não tenho opinião / Não sei;Não tenho opinião / Não sei;Não tenho opinião / Não sei;Não tenho opinião / Não sei;Não tenho opinião / Não sei;Não tenho opinião / Não sei;Não tenho opinião / Não sei;Não tenho opinião / Não sei;Não tenho opinião / Não sei;Não tenho opinião / Não sei;;;Não tenho opinião / Não sei;Não tenho opinião / Não sei;Não tenho opinião / Não sei;Não tenho opinião / Não sei;Não tenho opinião / Não sei;Uso atualmente;Não tenho opinião / Não sei;Não tenho opinião / Não sei;Não tenho opinião / Não sei;Não tenho opinião / Não sei;Não tenho opinião / Não sei;Não tenho opinião / Não sei;Não tenho opinião / Não sei;Não tenho opinião / Não sei;Não tenho opinião / Não sei;Não tenho opinião / Não sei;Não tenho opinião / Não sei;Não tenho opinião / Não sei;Não tenho opinião / Não sei;;"Keycloak;";Não tenho opinião / Não sei;Não tenho opinião / Não sei;Não tenho opinião / Não sei;Não tenho opinião / Não sei;Não tenho opinião / Não sei;Não tenho opinião / Não sei;Não tenho opinião / Não sei;Não tenho opinião / Não sei;Não tenho opinião / Não sei;Não tenho opinião / Não sei;Não tenho opinião / Não sei;Não tenho opinião / Não sei;Não tenho opinião / Não sei;Não tenho opinião / Não sei;;;Não tenho opinião / Não sei;Não tenho opinião / Não sei;Não tenho opinião / Não sei;Não tenho opinião / Não sei;Não tenho opinião / Não sei;Não tenho opinião / Não sei;Não tenho opinião / Não sei;Não tenho opinião / Não sei;Não tenho opinião / Não sei;Não tenho opinião / Não sei;Não tenho opinião / Não sei;Não tenho opinião / Não sei;Não tenho opinião / Não sei;;;Não tenho opinião / Não sei;Me interesso em usar;Me interesso em usar;Me interesso em usar;Não tenho opinião / Não sei;Não tenho opinião / Não sei;Não tenho opinião / Não sei;Não tenho opinião / Não sei;Não tenho opinião / Não sei;Não tenho opinião / Não sei;Não tenho opinião / Não sei;Não tenho opinião / Não sei;Não tenho opinião / Não sei;;"OpenTelemetry;Prometheus;Grafana;"
26;2026-03-09 10:35:18;2026-03-09 10:42:13;0360516@cepel.br;João Antônio Guedes Archetti;;Me interesso em usar;Não tenho opinião / Não sei;Me interesso em usar;"Block storage;Object storage;";Não tenho opinião / Não sei;Me interesso em usar;Me interesso em usar;Não tenho opinião / Não sei;Não tenho opinião / Não sei;"Data lake;Data lakehouse;";Não tenho opinião / Não sei;Não tenho opinião / Não sei;Não tenho opinião / Não sei;Não tenho opinião / Não sei;Não tenho opinião / Não sei;Não tenho opinião / Não sei;Não tenho opinião / Não sei;Não tenho opinião / Não sei;Não tenho opinião / Não sei;Não tenho opinião / Não sei;Não tenho opinião / Não sei;Não tenho opinião / Não sei;Não tenho opinião / Não sei;Não tenho opinião / Não sei;Não tenho opinião / Não sei;;;Não tenho opinião / Não sei;Não tenho opinião / Não sei;Não tenho opinião / Não sei;Não tenho opinião / Não sei;Não tenho opinião / Não sei;Não tenho opinião / Não sei;Não tenho opinião / Não sei;Não tenho opinião / Não sei;Não tenho opinião / Não sei;Não tenho opinião / Não sei;Não tenho opinião / Não sei;Não tenho opinião / Não sei;Não tenho opinião / Não sei;Não tenho opinião / Não sei;;;Não tenho opinião / Não sei;Não tenho opinião / Não sei;Não tenho opinião / Não sei;Não tenho opinião / Não sei;Não tenho opinião / Não sei;Uso atualmente;Não tenho opinião / Não sei;Não tenho opinião / Não sei;Me interesso em usar;Não tenho opinião / Não sei;Não tenho opinião / Não sei;Não tenho opinião / Não sei;Não tenho opinião / Não sei;Não tenho opinião / Não sei;Não tenho opinião / Não sei;Não tenho opinião / Não sei;Não tenho opinião / Não sei;Não tenho opinião / Não sei;Não tenho opinião / Não sei;;"Keycloak;Authentik;";Não tenho opinião / Não sei;Não tenho opinião / Não sei;Não tenho opinião / Não sei;Não tenho opinião / Não sei;Não tenho opinião / Não sei;Não tenho opinião / Não sei;Não tenho opinião / Não sei;Não tenho opinião / Não sei;Não tenho opinião / Não sei;Não tenho opinião / Não sei;Não tenho opinião / Não sei;Não tenho opinião / Não sei;Não tenho opinião / Não sei;Não tenho opinião / Não sei;;;Me interesso em usar;Não tenho opinião / Não sei;Não tenho opinião / Não sei;Não tenho opinião / Não sei;Não tenho opinião / Não sei;Não tenho opinião / Não sei;Não tenho opinião / Não sei;Não tenho opinião / Não sei;Não tenho opinião / Não sei;Não tenho opinião / Não sei;Não tenho opinião / Não sei;Não tenho opinião / Não sei;Não tenho opinião / Não sei;;"Monte Carlo;";Não tenho opinião / Não sei;Não tenho opinião / Não sei;Me interesso em usar;Me interesso em usar;Não tenho opinião / Não sei;Não tenho opinião / Não sei;Não tenho opinião / Não sei;Não tenho opinião / Não sei;Não tenho opinião / Não sei;Não tenho opinião / Não sei;Não tenho opinião / Não sei;Não tenho opinião / Não sei;Não tenho opinião / Não sei;;"Grafana;Prometheus;"
27;2026-03-09 11:57:31;2026-03-09 11:59:07;0335372@cepel.br;Caio Carvalho;;Não preciso / Não se aplica;Não preciso / Não se aplica;Não preciso / Não se aplica;;Não preciso / Não se aplica;Não preciso / Não se aplica;Não preciso / Não se aplica;Não preciso / Não se aplica;Não preciso / Não se aplica;;Não preciso / Não se aplica;Não preciso / Não se aplica;Não preciso / Não se aplica;Não preciso / Não se aplica;Não preciso / Não se aplica;Não preciso / Não se aplica;Não preciso / Não se aplica;Não preciso / Não se aplica;Não preciso / Não se aplica;Não preciso / Não se aplica;Não preciso / Não se aplica;Não preciso / Não se aplica;Não preciso / Não se aplica;Não preciso / Não se aplica;Não preciso / Não se aplica;;;Não preciso / Não se aplica;Não preciso / Não se aplica;Não preciso / Não se aplica;Não preciso / Não se aplica;Não preciso / Não se aplica;Não preciso / Não se aplica;Não preciso / Não se aplica;Não preciso / Não se aplica;Não preciso / Não se aplica;Não preciso / Não se aplica;Não preciso / Não se aplica;Não preciso / Não se aplica;Não preciso / Não se aplica;Não preciso / Não se aplica;;;Não preciso / Não se aplica;Não preciso / Não se aplica;Não preciso / Não se aplica;Não preciso / Não se aplica;Não preciso / Não se aplica;Não preciso / Não se aplica;Não preciso / Não se aplica;Não preciso / Não se aplica;Não preciso / Não se aplica;Não preciso / Não se aplica;Não preciso / Não se aplica;Não preciso / Não se aplica;Não preciso / Não se aplica;Não preciso / Não se aplica;Não preciso / Não se aplica;Não preciso / Não se aplica;Não preciso / Não se aplica;Não preciso / Não se aplica;Não preciso / Não se aplica;;;Não preciso / Não se aplica;Não preciso / Não se aplica;Não preciso / Não se aplica;Não preciso / Não se aplica;Não preciso / Não se aplica;Não preciso / Não se aplica;Não preciso / Não se aplica;Não preciso / Não se aplica;Não preciso / Não se aplica;Não preciso / Não se aplica;Não preciso / Não se aplica;Não preciso / Não se aplica;Não preciso / Não se aplica;Não preciso / Não se aplica;;;Não preciso / Não se aplica;Não preciso / Não se aplica;Não preciso / Não se aplica;Não preciso / Não se aplica;Não preciso / Não se aplica;Não preciso / Não se aplica;Não preciso / Não se aplica;Não preciso / Não se aplica;Não preciso / Não se aplica;Não preciso / Não se aplica;Não preciso / Não se aplica;Não preciso / Não se aplica;Não preciso / Não se aplica;;;Não preciso / Não se aplica;Não preciso / Não se aplica;Não preciso / Não se aplica;Não preciso / Não se aplica;Não preciso / Não se aplica;Não preciso / Não se aplica;Não preciso / Não se aplica;Não preciso / Não se aplica;Não preciso / Não se aplica;Não preciso / Não se aplica;Não preciso / Não se aplica;Não preciso / Não se aplica;Não preciso / Não se aplica;;
28;2026-03-09 12:07:06;2026-03-09 12:09:53;0360515@cepel.br;Ighor Souza dos Santos;;Não tenho opinião / Não sei;Não tenho opinião / Não sei;Não tenho opinião / Não sei;;Não tenho opinião / Não sei;Não tenho opinião / Não sei;Não tenho opinião / Não sei;Não tenho opinião / Não sei;Não tenho opinião / Não sei;;Não tenho opinião / Não sei;Não tenho opinião / Não sei;Não tenho opinião / Não sei;Não tenho opinião / Não sei;Não tenho opinião / Não sei;Não tenho opinião / Não sei;Não tenho opinião / Não sei;Não tenho opinião / Não sei;Não tenho opinião / Não sei;Não tenho opinião / Não sei;Não tenho opinião / Não sei;Não tenho opinião / Não sei;Não tenho opinião / Não sei;Não tenho opinião / Não sei;Não tenho opinião / Não sei;;;Não tenho opinião / Não sei;Não tenho opinião / Não sei;Não tenho opinião / Não sei;Não tenho opinião / Não sei;Não tenho opinião / Não sei;Não tenho opinião / Não sei;Não tenho opinião / Não sei;Não tenho opinião / Não sei;Não tenho opinião / Não sei;Não tenho opinião / Não sei;Não tenho opinião / Não sei;Não tenho opinião / Não sei;Não tenho opinião / Não sei;Não tenho opinião / Não sei;;;Não tenho opinião / Não sei;Não tenho opinião / Não sei;Não tenho opinião / Não sei;Não tenho opinião / Não sei;Não tenho opinião / Não sei;Não tenho opinião / Não sei;Não tenho opinião / Não sei;Não tenho opinião / Não sei;Não tenho opinião / Não sei;Não tenho opinião / Não sei;Não tenho opinião / Não sei;Não tenho opinião / Não sei;Não tenho opinião / Não sei;Não tenho opinião / Não sei;Não tenho opinião / Não sei;Não tenho opinião / Não sei;Não tenho opinião / Não sei;Não tenho opinião / Não sei;Não tenho opinião / Não sei;;;Não tenho opinião / Não sei;Não tenho opinião / Não sei;Não tenho opinião / Não sei;Não tenho opinião / Não sei;Não tenho opinião / Não sei;Não tenho opinião / Não sei;Não tenho opinião / Não sei;Não tenho opinião / Não sei;Não tenho opinião / Não sei;Não tenho opinião / Não sei;Não tenho opinião / Não sei;Não tenho opinião / Não sei;Não tenho opinião / Não sei;Não tenho opinião / Não sei;;;Já usei;Não tenho opinião / Não sei;Não tenho opinião / Não sei;Não tenho opinião / Não sei;Não tenho opinião / Não sei;Não tenho opinião / Não sei;Não tenho opinião / Não sei;Não tenho opinião / Não sei;Não tenho opinião / Não sei;Não tenho opinião / Não sei;Não tenho opinião / Não sei;Não tenho opinião / Não sei;Não tenho opinião / Não sei;;;Não tenho opinião / Não sei;Já usei;Já usei;Já usei;Não tenho opinião / Não sei;Não tenho opinião / Não sei;Não tenho opinião / Não sei;Não tenho opinião / Não sei;Não tenho opinião / Não sei;Não tenho opinião / Não sei;Não tenho opinião / Não sei;Não tenho opinião / Não sei;Não tenho opinião / Não sei;;
29;2026-03-09 16:13:46;2026-03-09 16:22:20;0361680@cepel.br;Djalma Silva;;Me interesso em usar;Uso atualmente;Me interesso em usar;"File storage;";Me interesso em usar;Já usei;Me interesso em usar;Me interesso em usar;Me interesso em usar;"Data lake;Data lakehouse;";Já usei;Não preciso / Não se aplica;Não preciso / Não se aplica;Me interesso em usar;Não tenho opinião / Não sei;Não tenho opinião / Não sei;Não tenho opinião / Não sei;Não tenho opinião / Não sei;Não tenho opinião / Não sei;Não tenho opinião / Não sei;Me interesso em usar;Me interesso em usar;Não tenho opinião / Não sei;Não tenho opinião / Não sei;Não preciso / Não se aplica;;"Apache Hadoop HDFS;";Não tenho opinião / Não sei;Não tenho opinião / Não sei;Não tenho opinião / Não sei;Não tenho opinião / Não sei;Não tenho opinião / Não sei;Não tenho opinião / Não sei;Não tenho opinião / Não sei;Não tenho opinião / Não sei;Não tenho opinião / Não sei;Não tenho opinião / Não sei;Não tenho opinião / Não sei;Não tenho opinião / Não sei;Não tenho opinião / Não sei;Não preciso / Não se aplica;;;Não tenho opinião / Não sei;Não tenho opinião / Não sei;Não tenho opinião / Não sei;Não tenho opinião / Não sei;Não tenho opinião / Não sei;Já usei;Já usei;Não tenho opinião / Não sei;Não tenho opinião / Não sei;Me interesso em usar;Não tenho opinião / Não sei;Não tenho opinião / Não sei;Não tenho opinião / Não sei;Não tenho opinião / Não sei;Não tenho opinião / Não sei;Me interesso em usar;Não tenho opinião / Não sei;Não tenho opinião / Não sei;Não preciso / Não se aplica;;"Keycloak;";Já usei;Não tenho opinião / Não sei;Não tenho opinião / Não sei;Não tenho opinião / Não sei;Não tenho opinião / Não sei;Não tenho opinião / Não sei;Não tenho opinião / Não sei;Não tenho opinião / Não sei;Não tenho opinião / Não sei;Não tenho opinião / Não sei;Não tenho opinião / Não sei;Não tenho opinião / Não sei;Já usei;Não preciso / Não se aplica;;"Apache Airflow;Jenkins;";Não tenho opinião / Não sei;Não tenho opinião / Não sei;Não tenho opinião / Não sei;Não tenho opinião / Não sei;Não tenho opinião / Não sei;Não tenho opinião / Não sei;Não tenho opinião / Não sei;Não tenho opinião / Não sei;Não tenho opinião / Não sei;Não tenho opinião / Não sei;Não tenho opinião / Não sei;Não tenho opinião / Não sei;Não preciso / Não se aplica;;;Já usei;Uso atualmente;Uso atualmente;Uso atualmente;Não tenho opinião / Não sei;Não preciso / Não se aplica;Não preciso / Não se aplica;Não tenho opinião / Não sei;Não tenho opinião / Não sei;Não tenho opinião / Não sei;Me interesso em usar;Não tenho opinião / Não sei;Não preciso / Não se aplica;;"OpenTelemetry;Prometheus;Grafana;"
30;2026-03-09 16:30:55;2026-03-09 16:36:20;clayton@cepel.br;Clayton Guimarães da Mata;;Não preciso / Não se aplica;Não preciso / Não se aplica;Não preciso / Não se aplica;;Uso atualmente;Uso atualmente;Não preciso / Não se aplica;Não preciso / Não se aplica;Não preciso / Não se aplica;"Data lake;Data warehouse;";Não preciso / Não se aplica;Não preciso / Não se aplica;Não preciso / Não se aplica;Não preciso / Não se aplica;Não preciso / Não se aplica;Não preciso / Não se aplica;Não preciso / Não se aplica;Não preciso / Não se aplica;Não preciso / Não se aplica;Não preciso / Não se aplica;Não preciso / Não se aplica;Não preciso / Não se aplica;Não preciso / Não se aplica;Não preciso / Não se aplica;Não preciso / Não se aplica;;;Não preciso / Não se aplica;Não preciso / Não se aplica;Não preciso / Não se aplica;Não preciso / Não se aplica;Não preciso / Não se aplica;Não preciso / Não se aplica;Não preciso / Não se aplica;Não preciso / Não se aplica;Não preciso / Não se aplica;Não preciso / Não se aplica;Não preciso / Não se aplica;Não preciso / Não se aplica;Não preciso / Não se aplica;Não preciso / Não se aplica;;;Não preciso / Não se aplica;Não preciso / Não se aplica;Não preciso / Não se aplica;Não preciso / Não se aplica;Não preciso / Não se aplica;Não preciso / Não se aplica;Não preciso / Não se aplica;Não preciso / Não se aplica;Não preciso / Não se aplica;Não preciso / Não se aplica;Não preciso / Não se aplica;Não preciso / Não se aplica;Não preciso / Não se aplica;Não preciso / Não se aplica;Não preciso / Não se aplica;Não preciso / Não se aplica;Não preciso / Não se aplica;Não preciso / Não se aplica;Não preciso / Não se aplica;;;Não preciso / Não se aplica;Não preciso / Não se aplica;Não preciso / Não se aplica;Não preciso / Não se aplica;Não preciso / Não se aplica;Não preciso / Não se aplica;Não preciso / Não se aplica;Não preciso / Não se aplica;Não preciso / Não se aplica;Não preciso / Não se aplica;Não preciso / Não se aplica;Não preciso / Não se aplica;Não preciso / Não se aplica;Não preciso / Não se aplica;;;Não preciso / Não se aplica;Não preciso / Não se aplica;Não preciso / Não se aplica;Não preciso / Não se aplica;Não preciso / Não se aplica;Não preciso / Não se aplica;Não preciso / Não se aplica;Não preciso / Não se aplica;Não preciso / Não se aplica;Não preciso / Não se aplica;Não preciso / Não se aplica;Não preciso / Não se aplica;Não preciso / Não se aplica;;;Não preciso / Não se aplica;Não preciso / Não se aplica;Não preciso / Não se aplica;Já usei;Não preciso / Não se aplica;Não preciso / Não se aplica;Não preciso / Não se aplica;Não preciso / Não se aplica;Não preciso / Não se aplica;Não preciso / Não se aplica;Não preciso / Não se aplica;Não preciso / Não se aplica;Não preciso / Não se aplica;;
31;2026-03-10 10:49:18;2026-03-10 11:03:50;laao@cepel.br;Luiz Antônio Alves de Oliveira;;Uso atualmente;Uso atualmente;Já usei;"Object storage;Block storage;";Me interesso em usar;Me interesso em usar;Me interesso em usar;Me interesso em usar;Me interesso em usar;"Data lake;Data lakehouse;";Não preciso / Não se aplica;Não tenho opinião / Não sei;Me interesso em usar;Me interesso em usar;Me interesso em usar;Não tenho opinião / Não sei;Me interesso em usar;Me interesso em usar;Me interesso em usar;Me interesso em usar;Me interesso em usar;Me interesso em usar;Me interesso em usar;Não tenho opinião / Não sei;Não tenho opinião / Não sei;;"Apache Iceberg;Delta Lake;MinIO;";Me interesso em usar;Me interesso em usar;Me interesso em usar;Me interesso em usar;Me interesso em usar;Não tenho opinião / Não sei;Não tenho opinião / Não sei;Não tenho opinião / Não sei;Não tenho opinião / Não sei;Me interesso em usar;Me interesso em usar;Me interesso em usar;Me interesso em usar;Não tenho opinião / Não sei;;"OpenMetadata;DataHub;Unity Catalog;";Me interesso em usar;Não tenho opinião / Não sei;Não tenho opinião / Não sei;Me interesso em usar;Me interesso em usar;Me interesso em usar;Me interesso em usar;Me interesso em usar;Me interesso em usar;Me interesso em usar;Me interesso em usar;Não tenho opinião / Não sei;Me interesso em usar;Não tenho opinião / Não sei;Me interesso em usar;Já usei;Me interesso em usar;Não tenho opinião / Não sei;Não tenho opinião / Não sei;;"HashiCorp Vault;Keycloak;OPA Open Policy Agent;";Me interesso em usar;Me interesso em usar;Me interesso em usar;Não tenho opinião / Não sei;Me interesso em usar;Me interesso em usar;Me interesso em usar;Não tenho opinião / Não sei;Me interesso em usar;Me interesso em usar;Me interesso em usar;Me interesso em usar;Me interesso em usar;Não tenho opinião / Não sei;;"Apache Airflow;Dagster;Argo Workflows;";Me interesso em usar;Me interesso em usar;Me interesso em usar;Me interesso em usar;Me interesso em usar;Não tenho opinião / Não sei;Me interesso em usar;Não tenho opinião / Não sei;Me interesso em usar;Não tenho opinião / Não sei;Não tenho opinião / Não sei;Não tenho opinião / Não sei;Não tenho opinião / Não sei;;"Great Expectations;Soda;Monte Carlo;";Já usei;Me interesso em usar;Me interesso em usar;Me interesso em usar;Me interesso em usar;Me interesso em usar;Não tenho opinião / Não sei;Me interesso em usar;Não tenho opinião / Não sei;Não tenho opinião / Não sei;Me interesso em usar;Não tenho opinião / Não sei;Não tenho opinião / Não sei;;"Prometheus;Grafana;OpenTelemetry;"
32;2026-03-10 15:39:04;2026-03-10 15:47:54;benevenuto@cepel.br;Monique da Cruz Benevenuto;;Não tenho opinião / Não sei;Não tenho opinião / Não sei;Não tenho opinião / Não sei;;Me interesso em usar;Não tenho opinião / Não sei;Não tenho opinião / Não sei;Não tenho opinião / Não sei;Não tenho opinião / Não sei;;Não tenho opinião / Não sei;Não tenho opinião / Não sei;Não tenho opinião / Não sei;Não tenho opinião / Não sei;Não tenho opinião / Não sei;Não tenho opinião / Não sei;Não tenho opinião / Não sei;Não tenho opinião / Não sei;Não tenho opinião / Não sei;Não tenho opinião / Não sei;Não tenho opinião / Não sei;Não tenho opinião / Não sei;Não tenho opinião / Não sei;Não tenho opinião / Não sei;Não tenho opinião / Não sei;;;Não tenho opinião / Não sei;Não tenho opinião / Não sei;Não tenho opinião / Não sei;Não tenho opinião / Não sei;Não tenho opinião / Não sei;Não tenho opinião / Não sei;Não tenho opinião / Não sei;Não tenho opinião / Não sei;Não tenho opinião / Não sei;Não tenho opinião / Não sei;Não tenho opinião / Não sei;Não tenho opinião / Não sei;Não tenho opinião / Não sei;Não tenho opinião / Não sei;;;Não tenho opinião / Não sei;Não tenho opinião / Não sei;Não tenho opinião / Não sei;Não tenho opinião / Não sei;Não tenho opinião / Não sei;Não tenho opinião / Não sei;Não tenho opinião / Não sei;Não tenho opinião / Não sei;Não tenho opinião / Não sei;Não tenho opinião / Não sei;Não tenho opinião / Não sei;Não tenho opinião / Não sei;Não tenho opinião / Não sei;Não tenho opinião / Não sei;Não tenho opinião / Não sei;Não tenho opinião / Não sei;Não tenho opinião / Não sei;Não tenho opinião / Não sei;Não tenho opinião / Não sei;;;Não tenho opinião / Não sei;Não tenho opinião / Não sei;Não tenho opinião / Não sei;Não tenho opinião / Não sei;Não tenho opinião / Não sei;Não tenho opinião / Não sei;Não tenho opinião / Não sei;Não tenho opinião / Não sei;Não tenho opinião / Não sei;Não tenho opinião / Não sei;Não tenho opinião / Não sei;Não tenho opinião / Não sei;Não tenho opinião / Não sei;Não tenho opinião / Não sei;;;Não tenho opinião / Não sei;Não tenho opinião / Não sei;Não tenho opinião / Não sei;Não tenho opinião / Não sei;Não tenho opinião / Não sei;Não tenho opinião / Não sei;Não tenho opinião / Não sei;Não tenho opinião / Não sei;Não tenho opinião / Não sei;Não tenho opinião / Não sei;Não tenho opinião / Não sei;Não tenho opinião / Não sei;Não tenho opinião / Não sei;;;Não tenho opinião / Não sei;Não tenho opinião / Não sei;Não tenho opinião / Não sei;Não tenho opinião / Não sei;Não tenho opinião / Não sei;Não tenho opinião / Não sei;Não tenho opinião / Não sei;Não tenho opinião / Não sei;Não tenho opinião / Não sei;Não tenho opinião / Não sei;Não tenho opinião / Não sei;Não tenho opinião / Não sei;Não tenho opinião / Não sei;;
33;2026-03-12 08:15:47;2026-03-12 08:21:11;0341418@cepel.br;Eduardo Dos Santos Gonçalves;;Não tenho opinião / Não sei;Não tenho opinião / Não sei;Não tenho opinião / Não sei;;Uso atualmente;Me interesso em usar;Me interesso em usar;Não tenho opinião / Não sei;Não preciso / Não se aplica;"Data warehouse;Data lakehouse;";Me interesso em usar;Não tenho opinião / Não sei;Não tenho opinião / Não sei;Não tenho opinião / Não sei;Não tenho opinião / Não sei;Não tenho opinião / Não sei;Não tenho opinião / Não sei;Não tenho opinião / Não sei;Não tenho opinião / Não sei;Não tenho opinião / Não sei;Me interesso em usar;Não tenho opinião / Não sei;Não tenho opinião / Não sei;Não tenho opinião / Não sei;Não tenho opinião / Não sei;;"Databricks;";Não tenho opinião / Não sei;Não tenho opinião / Não sei;Não tenho opinião / Não sei;Não tenho opinião / Não sei;Não tenho opinião / Não sei;Não tenho opinião / Não sei;Não tenho opinião / Não sei;Não tenho opinião / Não sei;Não tenho opinião / Não sei;Não tenho opinião / Não sei;Não tenho opinião / Não sei;Não tenho opinião / Não sei;Não tenho opinião / Não sei;Não tenho opinião / Não sei;;;Não tenho opinião / Não sei;Não tenho opinião / Não sei;Não tenho opinião / Não sei;Não tenho opinião / Não sei;Não tenho opinião / Não sei;Me interesso em usar;Não tenho opinião / Não sei;Não tenho opinião / Não sei;Não tenho opinião / Não sei;Não tenho opinião / Não sei;Não tenho opinião / Não sei;Não tenho opinião / Não sei;Não tenho opinião / Não sei;Não tenho opinião / Não sei;Não tenho opinião / Não sei;Não tenho opinião / Não sei;Não tenho opinião / Não sei;Não tenho opinião / Não sei;Não tenho opinião / Não sei;;"Keycloak;";Me interesso em usar;Não tenho opinião / Não sei;Não tenho opinião / Não sei;Não tenho opinião / Não sei;Não tenho opinião / Não sei;Não tenho opinião / Não sei;Não tenho opinião / Não sei;Não tenho opinião / Não sei;Não tenho opinião / Não sei;Não tenho opinião / Não sei;Não tenho opinião / Não sei;Não tenho opinião / Não sei;Não tenho opinião / Não sei;Não tenho opinião / Não sei;;"Apache Airflow;";Não tenho opinião / Não sei;Não tenho opinião / Não sei;Não tenho opinião / Não sei;Não tenho opinião / Não sei;Não tenho opinião / Não sei;Não tenho opinião / Não sei;Não tenho opinião / Não sei;Não tenho opinião / Não sei;Não tenho opinião / Não sei;Não tenho opinião / Não sei;Não tenho opinião / Não sei;Não tenho opinião / Não sei;Não tenho opinião / Não sei;;;Me interesso em usar;Não tenho opinião / Não sei;Me interesso em usar;Já usei;Não tenho opinião / Não sei;Não tenho opinião / Não sei;Não tenho opinião / Não sei;Não tenho opinião / Não sei;Não tenho opinião / Não sei;Não tenho opinião / Não sei;Me interesso em usar;Não tenho opinião / Não sei;Não tenho opinião / Não sei;;"Zabbix;Grafana;Prometheus;"
34;2026-03-12 13:05:30;2026-03-12 13:13:23;0361322@cepel.br;Bruno dos Reis Jaccoud;;Não tenho opinião / Não sei;Não tenho opinião / Não sei;Não tenho opinião / Não sei;;Não tenho opinião / Não sei;Já usei;Não tenho opinião / Não sei;Não tenho opinião / Não sei;Não tenho opinião / Não sei;;Não tenho opinião / Não sei;Não tenho opinião / Não sei;Não tenho opinião / Não sei;Já usei;Não tenho opinião / Não sei;Não tenho opinião / Não sei;Não tenho opinião / Não sei;Não tenho opinião / Não sei;Não tenho opinião / Não sei;Não tenho opinião / Não sei;Não tenho opinião / Não sei;Não tenho opinião / Não sei;Não tenho opinião / Não sei;Não tenho opinião / Não sei;Não tenho opinião / Não sei;;;Não tenho opinião / Não sei;Não tenho opinião / Não sei;Não tenho opinião / Não sei;Não tenho opinião / Não sei;Não tenho opinião / Não sei;Não tenho opinião / Não sei;Não tenho opinião / Não sei;Não tenho opinião / Não sei;Não tenho opinião / Não sei;Não tenho opinião / Não sei;Não tenho opinião / Não sei;Não tenho opinião / Não sei;Não tenho opinião / Não sei;Não tenho opinião / Não sei;;;Não tenho opinião / Não sei;Não tenho opinião / Não sei;Não tenho opinião / Não sei;Não tenho opinião / Não sei;Não tenho opinião / Não sei;Uso atualmente;Não tenho opinião / Não sei;Não tenho opinião / Não sei;Não tenho opinião / Não sei;Me interesso em usar;Não tenho opinião / Não sei;Não tenho opinião / Não sei;Não tenho opinião / Não sei;Não tenho opinião / Não sei;Me interesso em usar;Não tenho opinião / Não sei;Não tenho opinião / Não sei;Não tenho opinião / Não sei;Não tenho opinião / Não sei;;"Keycloak;";Não tenho opinião / Não sei;Não tenho opinião / Não sei;Não tenho opinião / Não sei;Não tenho opinião / Não sei;Não tenho opinião / Não sei;Não tenho opinião / Não sei;Não tenho opinião / Não sei;Não tenho opinião / Não sei;Não tenho opinião / Não sei;Não tenho opinião / Não sei;Não tenho opinião / Não sei;Não tenho opinião / Não sei;Uso atualmente;Não tenho opinião / Não sei;;"Jenkins;";Não tenho opinião / Não sei;Não tenho opinião / Não sei;Não tenho opinião / Não sei;Não tenho opinião / Não sei;Não tenho opinião / Não sei;Não tenho opinião / Não sei;Não tenho opinião / Não sei;Não tenho opinião / Não sei;Não tenho opinião / Não sei;Não tenho opinião / Não sei;Não tenho opinião / Não sei;Não tenho opinião / Não sei;Não tenho opinião / Não sei;;;Não tenho opinião / Não sei;Me interesso em usar;Me interesso em usar;Me interesso em usar;Não tenho opinião / Não sei;Não tenho opinião / Não sei;Não tenho opinião / Não sei;Não tenho opinião / Não sei;Não tenho opinião / Não sei;Não tenho opinião / Não sei;Não tenho opinião / Não sei;Não tenho opinião / Não sei;Não tenho opinião / Não sei;;"Grafana;Prometheus;"
35;2026-03-13 09:03:00;2026-03-13 09:06:56;felipedias@cepel.br;Felipe Dias de Rezende Machado;;Já usei;Já usei;Me interesso em usar;"Block storage;File storage;";Me interesso em usar;Me interesso em usar;Me interesso em usar;Me interesso em usar;Me interesso em usar;"Data lakehouse;Data mesh;Data warehouse;";Me interesso em usar;Não tenho opinião / Não sei;Não tenho opinião / Não sei;Me interesso em usar;Não tenho opinião / Não sei;Não tenho opinião / Não sei;Não tenho opinião / Não sei;Não tenho opinião / Não sei;Não tenho opinião / Não sei;Não tenho opinião / Não sei;Não tenho opinião / Não sei;Não tenho opinião / Não sei;Não tenho opinião / Não sei;Não tenho opinião / Não sei;Não tenho opinião / Não sei;;"Apache Hadoop HDFS;MinIO;";Não tenho opinião / Não sei;Não tenho opinião / Não sei;Não tenho opinião / Não sei;Não tenho opinião / Não sei;Não tenho opinião / Não sei;Não tenho opinião / Não sei;Não tenho opinião / Não sei;Não tenho opinião / Não sei;Não tenho opinião / Não sei;Não tenho opinião / Não sei;Não tenho opinião / Não sei;Não tenho opinião / Não sei;Não tenho opinião / Não sei;Não tenho opinião / Não sei;;;Uso atualmente;Não tenho opinião / Não sei;Não tenho opinião / Não sei;Não tenho opinião / Não sei;Não tenho opinião / Não sei;Uso atualmente;Já usei;Já usei;Não tenho opinião / Não sei;Uso atualmente;Não tenho opinião / Não sei;Não tenho opinião / Não sei;Não tenho opinião / Não sei;Não tenho opinião / Não sei;Não tenho opinião / Não sei;Já usei;Já usei;Não tenho opinião / Não sei;Não tenho opinião / Não sei;;"HashiCorp Vault;Keycloak;OPA Open Policy Agent;";Já usei;Não tenho opinião / Não sei;Não tenho opinião / Não sei;Não tenho opinião / Não sei;Não tenho opinião / Não sei;Não tenho opinião / Não sei;Não tenho opinião / Não sei;Não tenho opinião / Não sei;Não tenho opinião / Não sei;Não tenho opinião / Não sei;Não tenho opinião / Não sei;Me interesso em usar;Uso atualmente;Não tenho opinião / Não sei;;"Apache Airflow;Jenkins;Argo Workflows;";Não tenho opinião / Não sei;Não tenho opinião / Não sei;Não tenho opinião / Não sei;Não tenho opinião / Não sei;Não tenho opinião / Não sei;Não tenho opinião / Não sei;Não tenho opinião / Não sei;Não tenho opinião / Não sei;Não tenho opinião / Não sei;Não tenho opinião / Não sei;Não tenho opinião / Não sei;Não tenho opinião / Não sei;Não tenho opinião / Não sei;;;Me interesso em usar;Já usei;Uso atualmente;Uso atualmente;Me interesso em usar;Já usei;Não tenho opinião / Não sei;Não tenho opinião / Não sei;Me interesso em usar;Não tenho opinião / Não sei;Me interesso em usar;Não tenho opinião / Não sei;Não tenho opinião / Não sei;;"Prometheus;Grafana;OpenTelemetry;"
36;2026-03-13 09:49:54;2026-03-13 09:57:46;0360703@cepel.br;Luciano Raimundo Chagas Costa Junior;;Já usei;Uso atualmente;Me interesso em usar;"Block storage;Object storage;";Me interesso em usar;Me interesso em usar;Me interesso em usar;Já usei;Já usei;"Data warehouse;Data lake;Data mesh;";Já usei;Me interesso em usar;Me interesso em usar;Me interesso em usar;Me interesso em usar;Me interesso em usar;Me interesso em usar;Me interesso em usar;Me interesso em usar;Me interesso em usar;Já usei;Já usei;Já usei;Me interesso em usar;Não tenho opinião / Não sei;;"Apache Hadoop HDFS;Databricks;";Me interesso em usar;Me interesso em usar;Me interesso em usar;Me interesso em usar;Me interesso em usar;Me interesso em usar;Me interesso em usar;Me interesso em usar;Me interesso em usar;Me interesso em usar;Me interesso em usar;Me interesso em usar;Me interesso em usar;Não tenho opinião / Não sei;;;Me interesso em usar;Me interesso em usar;Me interesso em usar;Me interesso em usar;Me interesso em usar;Uso atualmente;Já usei;Me interesso em usar;Me interesso em usar;Me interesso em usar;Me interesso em usar;Me interesso em usar;Me interesso em usar;Me interesso em usar;Já usei;Me interesso em usar;Me interesso em usar;Me interesso em usar;Não tenho opinião / Não sei;;"Keycloak;Sonar Qube;";Já usei;Me interesso em usar;Me interesso em usar;Me interesso em usar;Me interesso em usar;Me interesso em usar;Me interesso em usar;Me interesso em usar;Me interesso em usar;Me interesso em usar;Me interesso em usar;Me interesso em usar;Já usei;Não tenho opinião / Não sei;;"Apache Airflow;Jenkins;";Me interesso em usar;Me interesso em usar;Me interesso em usar;Me interesso em usar;Me interesso em usar;Me interesso em usar;Me interesso em usar;Me interesso em usar;Me interesso em usar;Me interesso em usar;Me interesso em usar;Me interesso em usar;Não tenho opinião / Não sei;;;Me interesso em usar;Uso atualmente;Uso atualmente;Uso atualmente;Uso atualmente;Uso atualmente;Me interesso em usar;Me interesso em usar;Me interesso em usar;Me interesso em usar;Me interesso em usar;Me interesso em usar;Uso atualmente;Opensearch;"OpenTelemetry;Grafana;Prometheus;"
37;2026-03-13 10:24:37;2026-03-13 10:27:53;sergiorf@cepel.br;Sergio Roberto Ferreira Cordeiro de Melo;;Me interesso em usar;Me interesso em usar;Me interesso em usar;"Object storage;File storage;";Já usei;Já usei;Me interesso em usar;Me interesso em usar;Me interesso em usar;"Data lake;Data lakehouse;";Não tenho opinião / Não sei;Não tenho opinião / Não sei;Não tenho opinião / Não sei;Não tenho opinião / Não sei;Não tenho opinião / Não sei;Não tenho opinião / Não sei;Não tenho opinião / Não sei;Não tenho opinião / Não sei;Não tenho opinião / Não sei;Não tenho opinião / Não sei;Não tenho opinião / Não sei;Não tenho opinião / Não sei;Não tenho opinião / Não sei;Não tenho opinião / Não sei;Não tenho opinião / Não sei;;;Não tenho opinião / Não sei;Não tenho opinião / Não sei;Não tenho opinião / Não sei;Não tenho opinião / Não sei;Não tenho opinião / Não sei;Não tenho opinião / Não sei;Não tenho opinião / Não sei;Não tenho opinião / Não sei;Não tenho opinião / Não sei;Não tenho opinião / Não sei;Não tenho opinião / Não sei;Não tenho opinião / Não sei;Não tenho opinião / Não sei;Não tenho opinião / Não sei;;;Não tenho opinião / Não sei;Não tenho opinião / Não sei;Não tenho opinião / Não sei;Não tenho opinião / Não sei;Não tenho opinião / Não sei;Não tenho opinião / Não sei;Não tenho opinião / Não sei;Não tenho opinião / Não sei;Não tenho opinião / Não sei;Não tenho opinião / Não sei;Não tenho opinião / Não sei;Não tenho opinião / Não sei;Não tenho opinião / Não sei;Não tenho opinião / Não sei;Não tenho opinião / Não sei;Não tenho opinião / Não sei;Não tenho opinião / Não sei;Não tenho opinião / Não sei;Não tenho opinião / Não sei;;;Me interesso em usar;Me interesso em usar;Não tenho opinião / Não sei;Não tenho opinião / Não sei;Não tenho opinião / Não sei;Não tenho opinião / Não sei;Não tenho opinião / Não sei;Não tenho opinião / Não sei;Não tenho opinião / Não sei;Me interesso em usar;Não tenho opinião / Não sei;Não tenho opinião / Não sei;Não tenho opinião / Não sei;Não tenho opinião / Não sei;;;Não tenho opinião / Não sei;Não tenho opinião / Não sei;Não tenho opinião / Não sei;Não tenho opinião / Não sei;Não tenho opinião / Não sei;Não tenho opinião / Não sei;Não tenho opinião / Não sei;Não tenho opinião / Não sei;Não tenho opinião / Não sei;Não tenho opinião / Não sei;Não tenho opinião / Não sei;Não tenho opinião / Não sei;Não tenho opinião / Não sei;;;Não tenho opinião / Não sei;Não tenho opinião / Não sei;Não tenho opinião / Não sei;Já usei;Não tenho opinião / Não sei;Não tenho opinião / Não sei;Não tenho opinião / Não sei;Não tenho opinião / Não sei;Não tenho opinião / Não sei;Não tenho opinião / Não sei;Não tenho opinião / Não sei;Não tenho opinião / Não sei;Não tenho opinião / Não sei;;"Grafana;"
38;2026-03-13 10:27:01;2026-03-13 11:20:29;0360711@cepel.br;Victor Hugo Cid Pereira;;Não tenho opinião / Não sei;Não tenho opinião / Não sei;Não tenho opinião / Não sei;;Não tenho opinião / Não sei;Não tenho opinião / Não sei;Não tenho opinião / Não sei;Não tenho opinião / Não sei;Não tenho opinião / Não sei;;Não tenho opinião / Não sei;Não tenho opinião / Não sei;Não tenho opinião / Não sei;Não tenho opinião / Não sei;Não tenho opinião / Não sei;Não tenho opinião / Não sei;Não tenho opinião / Não sei;Não tenho opinião / Não sei;Não tenho opinião / Não sei;Não tenho opinião / Não sei;Não tenho opinião / Não sei;Não tenho opinião / Não sei;Não tenho opinião / Não sei;Não tenho opinião / Não sei;Não tenho opinião / Não sei;;;Não tenho opinião / Não sei;Não tenho opinião / Não sei;Não tenho opinião / Não sei;Não tenho opinião / Não sei;Não tenho opinião / Não sei;Não tenho opinião / Não sei;Não tenho opinião / Não sei;Não tenho opinião / Não sei;Não tenho opinião / Não sei;Não tenho opinião / Não sei;Não tenho opinião / Não sei;Não tenho opinião / Não sei;Não tenho opinião / Não sei;Não tenho opinião / Não sei;;;Não tenho opinião / Não sei;Não tenho opinião / Não sei;Não tenho opinião / Não sei;Não tenho opinião / Não sei;Não tenho opinião / Não sei;Não tenho opinião / Não sei;Não tenho opinião / Não sei;Não tenho opinião / Não sei;Não tenho opinião / Não sei;Não tenho opinião / Não sei;Não tenho opinião / Não sei;Não tenho opinião / Não sei;Não tenho opinião / Não sei;Não tenho opinião / Não sei;Não tenho opinião / Não sei;Não tenho opinião / Não sei;Não tenho opinião / Não sei;Não tenho opinião / Não sei;Não tenho opinião / Não sei;;;Não tenho opinião / Não sei;Não tenho opinião / Não sei;Não tenho opinião / Não sei;Não tenho opinião / Não sei;Não tenho opinião / Não sei;Não tenho opinião / Não sei;Não tenho opinião / Não sei;Não tenho opinião / Não sei;Não tenho opinião / Não sei;Não tenho opinião / Não sei;Não tenho opinião / Não sei;Não tenho opinião / Não sei;Não tenho opinião / Não sei;Não tenho opinião / Não sei;;;Não tenho opinião / Não sei;Não tenho opinião / Não sei;Não tenho opinião / Não sei;Não tenho opinião / Não sei;Não tenho opinião / Não sei;Não tenho opinião / Não sei;Não tenho opinião / Não sei;Não tenho opinião / Não sei;Não tenho opinião / Não sei;Não tenho opinião / Não sei;Não tenho opinião / Não sei;Não tenho opinião / Não sei;Não tenho opinião / Não sei;;;Não tenho opinião / Não sei;Não tenho opinião / Não sei;Não tenho opinião / Não sei;Não tenho opinião / Não sei;Não tenho opinião / Não sei;Não tenho opinião / Não sei;Não tenho opinião / Não sei;Não tenho opinião / Não sei;Não tenho opinião / Não sei;Não tenho opinião / Não sei;Não tenho opinião / Não sei;Não tenho opinião / Não sei;Não tenho opinião / Não sei;;
39;2026-03-16 10:43:05;2026-03-16 10:55:19;0338243@cepel.br;Diogo Correa Marques;;Já usei;Uso atualmente;Me interesso em usar;"File storage;Object storage;";Uso atualmente;Uso atualmente;Não tenho opinião / Não sei;Não tenho opinião / Não sei;Não tenho opinião / Não sei;"Data lake;";Não tenho opinião / Não sei;Não tenho opinião / Não sei;Não tenho opinião / Não sei;Não tenho opinião / Não sei;Não tenho opinião / Não sei;Não tenho opinião / Não sei;Não tenho opinião / Não sei;Não tenho opinião / Não sei;Não tenho opinião / Não sei;Não tenho opinião / Não sei;Não tenho opinião / Não sei;Não tenho opinião / Não sei;Não tenho opinião / Não sei;Não tenho opinião / Não sei;Não tenho opinião / Não sei;;;Não tenho opinião / Não sei;Não tenho opinião / Não sei;Não tenho opinião / Não sei;Não tenho opinião / Não sei;Não tenho opinião / Não sei;Não tenho opinião / Não sei;Não tenho opinião / Não sei;Não tenho opinião / Não sei;Não tenho opinião / Não sei;Não tenho opinião / Não sei;Não tenho opinião / Não sei;Não tenho opinião / Não sei;Não tenho opinião / Não sei;Não tenho opinião / Não sei;;;Uso atualmente;Não tenho opinião / Não sei;Não tenho opinião / Não sei;Não tenho opinião / Não sei;Não tenho opinião / Não sei;Uso atualmente;Me interesso em usar;Não tenho opinião / Não sei;Não tenho opinião / Não sei;Não tenho opinião / Não sei;Não tenho opinião / Não sei;Não tenho opinião / Não sei;Não tenho opinião / Não sei;Não tenho opinião / Não sei;Não tenho opinião / Não sei;Não tenho opinião / Não sei;Não tenho opinião / Não sei;Não tenho opinião / Não sei;Não tenho opinião / Não sei;;"Keycloak;";Não tenho opinião / Não sei;Não tenho opinião / Não sei;Não tenho opinião / Não sei;Não tenho opinião / Não sei;Não tenho opinião / Não sei;Não tenho opinião / Não sei;Não tenho opinião / Não sei;Não tenho opinião / Não sei;Não tenho opinião / Não sei;Não tenho opinião / Não sei;Não tenho opinião / Não sei;Não tenho opinião / Não sei;Me interesso em usar;Não tenho opinião / Não sei;;"Jenkins;";Não tenho opinião / Não sei;Não tenho opinião / Não sei;Não tenho opinião / Não sei;Não tenho opinião / Não sei;Não tenho opinião / Não sei;Não tenho opinião / Não sei;Não tenho opinião / Não sei;Não tenho opinião / Não sei;Não tenho opinião / Não sei;Não tenho opinião / Não sei;Não tenho opinião / Não sei;Não tenho opinião / Não sei;Não tenho opinião / Não sei;;;Não tenho opinião / Não sei;Uso atualmente;Uso atualmente;Uso atualmente;Não tenho opinião / Não sei;Me interesso em usar;Não tenho opinião / Não sei;Não tenho opinião / Não sei;Não tenho opinião / Não sei;Não tenho opinião / Não sei;Não tenho opinião / Não sei;Não tenho opinião / Não sei;Não tenho opinião / Não sei;;"OpenTelemetry;Prometheus;Grafana;"
40;2026-03-16 09:04:56;2026-03-16 15:21:11;0336294@cepel.br;Bruno de Mariz;;Não tenho opinião / Não sei;Uso atualmente;Uso atualmente;"Object storage;File storage;";Já usei;Uso atualmente;Me interesso em usar;Me interesso em usar;Me interesso em usar;"Data warehouse;Data lake;Data mesh;";Não tenho opinião / Não sei;Não tenho opinião / Não sei;Não tenho opinião / Não sei;Já usei;Não tenho opinião / Não sei;Não tenho opinião / Não sei;Não tenho opinião / Não sei;Não tenho opinião / Não sei;Não tenho opinião / Não sei;Não tenho opinião / Não sei;Não tenho opinião / Não sei;Não tenho opinião / Não sei;Não tenho opinião / Não sei;Não tenho opinião / Não sei;Uso atualmente;Usamos atualmente o Google Cloud Storage;"Outro;";Me interesso em usar;Me interesso em usar;Não tenho opinião / Não sei;Não tenho opinião / Não sei;Não tenho opinião / Não sei;Não tenho opinião / Não sei;Não tenho opinião / Não sei;Não tenho opinião / Não sei;Não tenho opinião / Não sei;Não tenho opinião / Não sei;Não tenho opinião / Não sei;Não tenho opinião / Não sei;Não tenho opinião / Não sei;Não tenho opinião / Não sei;;"OpenMetadata;Apache Atlas;";Me interesso em usar;Não tenho opinião / Não sei;Não tenho opinião / Não sei;Não tenho opinião / Não sei;Não tenho opinião / Não sei;Uso atualmente;Não tenho opinião / Não sei;Não tenho opinião / Não sei;Não tenho opinião / Não sei;Me interesso em usar;Não tenho opinião / Não sei;Não tenho opinião / Não sei;Não tenho opinião / Não sei;Não tenho opinião / Não sei;Já usei;Me interesso em usar;Não tenho opinião / Não sei;Não tenho opinião / Não sei;Não tenho opinião / Não sei;;"Keycloak;OPA Open Policy Agent;Sonar Qube;";Me interesso em usar;Não tenho opinião / Não sei;Não tenho opinião / Não sei;Não tenho opinião / Não sei;Não tenho opinião / Não sei;Não tenho opinião / Não sei;Não tenho opinião / Não sei;Não tenho opinião / Não sei;Não tenho opinião / Não sei;Não tenho opinião / Não sei;Não tenho opinião / Não sei;Não tenho opinião / Não sei;Uso atualmente;Não tenho opinião / Não sei;;"Apache Airflow;Jenkins;";Não tenho opinião / Não sei;Não tenho opinião / Não sei;Não tenho opinião / Não sei;Não tenho opinião / Não sei;Não tenho opinião / Não sei;Não tenho opinião / Não sei;Não tenho opinião / Não sei;Não tenho opinião / Não sei;Não tenho opinião / Não sei;Não tenho opinião / Não sei;Não tenho opinião / Não sei;Não tenho opinião / Não sei;Não tenho opinião / Não sei;;;Me interesso em usar;Me interesso em usar;Me interesso em usar;Me interesso em usar;Não tenho opinião / Não sei;Não tenho opinião / Não sei;Não tenho opinião / Não sei;Não tenho opinião / Não sei;Não tenho opinião / Não sei;Não tenho opinião / Não sei;Não tenho opinião / Não sei;Não tenho opinião / Não sei;Não tenho opinião / Não sei;;"OpenTelemetry;Prometheus;Grafana;"
41;2026-03-16 18:54:10;2026-03-16 19:08:00;0360702@cepel.br;João Antonio;;Uso atualmente;Uso atualmente;Já usei;"Block storage;File storage;";Já usei;Me interesso em usar;Já usei;Não tenho opinião / Não sei;Não tenho opinião / Não sei;"Data lakehouse;Data lake;Data warehouse;";Já usei;Não tenho opinião / Não sei;Não tenho opinião / Não sei;Já usei;Não tenho opinião / Não sei;Não tenho opinião / Não sei;Não tenho opinião / Não sei;Já usei;Já usei;Já usei;Já usei;Não tenho opinião / Não sei;Já usei;Não tenho opinião / Não sei;Não tenho opinião / Não sei;;"Apache Iceberg;Dremio;Delta Lake;";Não tenho opinião / Não sei;Me interesso em usar;Não tenho opinião / Não sei;Não tenho opinião / Não sei;Não tenho opinião / Não sei;Não tenho opinião / Não sei;Não tenho opinião / Não sei;Não tenho opinião / Não sei;Não tenho opinião / Não sei;Não tenho opinião / Não sei;Já usei;Já usei;Já usei;Não tenho opinião / Não sei;;"Apache Atlas;Unity Catalog;Polaris Catalog;";Não tenho opinião / Não sei;Não tenho opinião / Não sei;Não tenho opinião / Não sei;Não tenho opinião / Não sei;Não tenho opinião / Não sei;Uso atualmente;Já usei;Não tenho opinião / Não sei;Não tenho opinião / Não sei;Não tenho opinião / Não sei;Não tenho opinião / Não sei;Não tenho opinião / Não sei;Me interesso em usar;Não tenho opinião / Não sei;Não tenho opinião / Não sei;Não tenho opinião / Não sei;Não tenho opinião / Não sei;Não tenho opinião / Não sei;Não tenho opinião / Não sei;;"Keycloak;Apache Ranger;Kerberos;";Me interesso em usar;Não tenho opinião / Não sei;Não tenho opinião / Não sei;Não tenho opinião / Não sei;Já usei;Não tenho opinião / Não sei;Não tenho opinião / Não sei;Não tenho opinião / Não sei;Não tenho opinião / Não sei;Não tenho opinião / Não sei;Não tenho opinião / Não sei;Me interesso em usar;Uso atualmente;Não tenho opinião / Não sei;;"Jenkins;Argo Workflows;Flyte;";Não tenho opinião / Não sei;Não tenho opinião / Não sei;Não tenho opinião / Não sei;Não tenho opinião / Não sei;Não tenho opinião / Não sei;Não tenho opinião / Não sei;Não tenho opinião / Não sei;Não tenho opinião / Não sei;Não tenho opinião / Não sei;Não tenho opinião / Não sei;Não tenho opinião / Não sei;Não tenho opinião / Não sei;Não tenho opinião / Não sei;;;Não tenho opinião / Não sei;Já usei;Já usei;Uso atualmente;Não tenho opinião / Não sei;Não tenho opinião / Não sei;Não tenho opinião / Não sei;Já usei;Não tenho opinião / Não sei;Não tenho opinião / Não sei;Não tenho opinião / Não sei;Não tenho opinião / Não sei;Não tenho opinião / Não sei;;"OpenTelemetry;Prometheus;Grafana;"
42;2026-03-17 09:55:00;2026-03-17 10:00:16;0361462@cepel.br;Ricardo Silva;;Já usei;Já usei;Já usei;"Block storage;File storage;";Não tenho opinião / Não sei;Não tenho opinião / Não sei;Não tenho opinião / Não sei;Não tenho opinião / Não sei;Não tenho opinião / Não sei;"Data lake;Data fabric;Data mesh;";Já usei;Já usei;Não tenho opinião / Não sei;Não tenho opinião / Não sei;Me interesso em usar;Não tenho opinião / Não sei;Não tenho opinião / Não sei;Não tenho opinião / Não sei;Não tenho opinião / Não sei;Não tenho opinião / Não sei;Não tenho opinião / Não sei;Não tenho opinião / Não sei;Não tenho opinião / Não sei;Não tenho opinião / Não sei;Não tenho opinião / Não sei;;"GlusterFS;Ceph;Apache Hadoop HDFS;";Não tenho opinião / Não sei;Não tenho opinião / Não sei;Não tenho opinião / Não sei;Não tenho opinião / Não sei;Não tenho opinião / Não sei;Não tenho opinião / Não sei;Não tenho opinião / Não sei;Não tenho opinião / Não sei;Não tenho opinião / Não sei;Não tenho opinião / Não sei;Não tenho opinião / Não sei;Não tenho opinião / Não sei;Não tenho opinião / Não sei;Não tenho opinião / Não sei;;"OpenMetadata;Apache Atlas;DataHub;";Não tenho opinião / Não sei;Não tenho opinião / Não sei;Não tenho opinião / Não sei;Não tenho opinião / Não sei;Não tenho opinião / Não sei;Já usei;Já usei;Já usei;Não tenho opinião / Não sei;Não tenho opinião / Não sei;Não tenho opinião / Não sei;Não tenho opinião / Não sei;Não tenho opinião / Não sei;Não tenho opinião / Não sei;Não tenho opinião / Não sei;Já usei;Não tenho opinião / Não sei;Não tenho opinião / Não sei;Não tenho opinião / Não sei;;"Keycloak;Kerberos;Okta;";Já usei;Não tenho opinião / Não sei;Não tenho opinião / Não sei;Não tenho opinião / Não sei;Não tenho opinião / Não sei;Não tenho opinião / Não sei;Não tenho opinião / Não sei;Não tenho opinião / Não sei;Não tenho opinião / Não sei;Não tenho opinião / Não sei;Não tenho opinião / Não sei;Não tenho opinião / Não sei;Já usei;Não tenho opinião / Não sei;;"Apache Airflow;Jenkins;Dagster;";Já usei;Não tenho opinião / Não sei;Não tenho opinião / Não sei;Não tenho opinião / Não sei;Não tenho opinião / Não sei;Não tenho opinião / Não sei;Não tenho opinião / Não sei;Não tenho opinião / Não sei;Não tenho opinião / Não sei;Não tenho opinião / Não sei;Não tenho opinião / Não sei;Não tenho opinião / Não sei;Não tenho opinião / Não sei;;"Monte Carlo;Anomalo;Apache Griffin;";Já usei;Já usei;Já usei;Já usei;Não tenho opinião / Não sei;Já usei;Não tenho opinião / Não sei;Não tenho opinião / Não sei;Já usei;Não tenho opinião / Não sei;Me interesso em usar;Não tenho opinião / Não sei;Não tenho opinião / Não sei;;"Zabbix;Prometheus;Grafana;"
43;2026-03-17 10:20:05;2026-03-17 10:23:31;0335657@cepel.br;Vanessa dos Santos;;Não tenho opinião / Não sei;Não tenho opinião / Não sei;Já usei;;Já usei;Uso atualmente;Já usei;Não tenho opinião / Não sei;Não tenho opinião / Não sei;;Já usei;Não tenho opinião / Não sei;Não tenho opinião / Não sei;Não tenho opinião / Não sei;Não tenho opinião / Não sei;Não tenho opinião / Não sei;Não tenho opinião / Não sei;Não tenho opinião / Não sei;Não tenho opinião / Não sei;Não tenho opinião / Não sei;Não tenho opinião / Não sei;Não tenho opinião / Não sei;Não tenho opinião / Não sei;Não tenho opinião / Não sei;Não tenho opinião / Não sei;;"Apache Hadoop HDFS;";Não tenho opinião / Não sei;Não tenho opinião / Não sei;Não tenho opinião / Não sei;Não tenho opinião / Não sei;Não tenho opinião / Não sei;Não tenho opinião / Não sei;Não tenho opinião / Não sei;Não tenho opinião / Não sei;Não tenho opinião / Não sei;Não tenho opinião / Não sei;Não tenho opinião / Não sei;Não tenho opinião / Não sei;Não tenho opinião / Não sei;Não tenho opinião / Não sei;;;Não tenho opinião / Não sei;Não tenho opinião / Não sei;Não tenho opinião / Não sei;Não tenho opinião / Não sei;Não tenho opinião / Não sei;Uso atualmente;Já usei;Não tenho opinião / Não sei;Não tenho opinião / Não sei;Não tenho opinião / Não sei;Não tenho opinião / Não sei;Não tenho opinião / Não sei;Não tenho opinião / Não sei;Não tenho opinião / Não sei;Não tenho opinião / Não sei;Não tenho opinião / Não sei;Não tenho opinião / Não sei;Não tenho opinião / Não sei;Não tenho opinião / Não sei;;"Keycloak;";Não tenho opinião / Não sei;Não tenho opinião / Não sei;Não tenho opinião / Não sei;Não tenho opinião / Não sei;Não tenho opinião / Não sei;Não tenho opinião / Não sei;Não tenho opinião / Não sei;Não tenho opinião / Não sei;Não tenho opinião / Não sei;Não tenho opinião / Não sei;Não tenho opinião / Não sei;Não tenho opinião / Não sei;Já usei;Não tenho opinião / Não sei;;"Jenkins;";Não tenho opinião / Não sei;Não tenho opinião / Não sei;Não tenho opinião / Não sei;Não tenho opinião / Não sei;Não tenho opinião / Não sei;Não tenho opinião / Não sei;Não tenho opinião / Não sei;Não tenho opinião / Não sei;Não tenho opinião / Não sei;Não tenho opinião / Não sei;Não tenho opinião / Não sei;Não tenho opinião / Não sei;Não tenho opinião / Não sei;;;Não tenho opinião / Não sei;Uso atualmente;Uso atualmente;Uso atualmente;Já usei;Já usei;Não tenho opinião / Não sei;Não tenho opinião / Não sei;Não tenho opinião / Não sei;Não tenho opinião / Não sei;Já usei;Não tenho opinião / Não sei;Não tenho opinião / Não sei;;
44;2026-03-17 16:03:16;2026-03-17 16:15:59;0335008@cepel.br;Leonardo Vilela;;Não tenho opinião / Não sei;Não tenho opinião / Não sei;Não tenho opinião / Não sei;;Não tenho opinião / Não sei;Não tenho opinião / Não sei;Não tenho opinião / Não sei;Não tenho opinião / Não sei;Não tenho opinião / Não sei;;Não tenho opinião / Não sei;Não tenho opinião / Não sei;Não tenho opinião / Não sei;Não tenho opinião / Não sei;Não tenho opinião / Não sei;Não tenho opinião / Não sei;Não tenho opinião / Não sei;Não tenho opinião / Não sei;Não tenho opinião / Não sei;Não tenho opinião / Não sei;Não tenho opinião / Não sei;Não tenho opinião / Não sei;Não tenho opinião / Não sei;Não tenho opinião / Não sei;Não tenho opinião / Não sei;;;Não tenho opinião / Não sei;Não tenho opinião / Não sei;Não tenho opinião / Não sei;Não tenho opinião / Não sei;Não tenho opinião / Não sei;Não tenho opinião / Não sei;Não tenho opinião / Não sei;Não tenho opinião / Não sei;Não tenho opinião / Não sei;Não tenho opinião / Não sei;Não tenho opinião / Não sei;Não tenho opinião / Não sei;Não tenho opinião / Não sei;Não tenho opinião / Não sei;;;Não tenho opinião / Não sei;Não tenho opinião / Não sei;Não tenho opinião / Não sei;Não tenho opinião / Não sei;Não tenho opinião / Não sei;Não tenho opinião / Não sei;Não tenho opinião / Não sei;Não tenho opinião / Não sei;Não tenho opinião / Não sei;Não tenho opinião / Não sei;Não tenho opinião / Não sei;Não tenho opinião / Não sei;Não tenho opinião / Não sei;Não tenho opinião / Não sei;Não tenho opinião / Não sei;Não tenho opinião / Não sei;Não tenho opinião / Não sei;Não tenho opinião / Não sei;Não tenho opinião / Não sei;;;Não tenho opinião / Não sei;Não tenho opinião / Não sei;Não tenho opinião / Não sei;Não tenho opinião / Não sei;Não tenho opinião / Não sei;Não tenho opinião / Não sei;Não tenho opinião / Não sei;Não tenho opinião / Não sei;Não tenho opinião / Não sei;Não tenho opinião / Não sei;Não tenho opinião / Não sei;Não tenho opinião / Não sei;Não tenho opinião / Não sei;Não tenho opinião / Não sei;;;Não tenho opinião / Não sei;Não tenho opinião / Não sei;Não tenho opinião / Não sei;Não tenho opinião / Não sei;Não tenho opinião / Não sei;Não tenho opinião / Não sei;Não tenho opinião / Não sei;Não tenho opinião / Não sei;Não tenho opinião / Não sei;Não tenho opinião / Não sei;Não tenho opinião / Não sei;Não tenho opinião / Não sei;Não tenho opinião / Não sei;;;Não tenho opinião / Não sei;Não tenho opinião / Não sei;Não tenho opinião / Não sei;Já usei;Não tenho opinião / Não sei;Não tenho opinião / Não sei;Não tenho opinião / Não sei;Não tenho opinião / Não sei;Não tenho opinião / Não sei;Não tenho opinião / Não sei;Não tenho opinião / Não sei;Não tenho opinião / Não sei;Não tenho opinião / Não sei;;
45;2026-03-17 16:14:07;2026-03-17 16:17:41;0342576@cepel.br;Isternandia Araujo França;;Me interesso em usar;Me interesso em usar;Já usei;"Object storage;";Me interesso em usar;Me interesso em usar;Me interesso em usar;Me interesso em usar;Me interesso em usar;"Data warehouse;Data lakehouse;Data lake;";Me interesso em usar;Me interesso em usar;Me interesso em usar;Me interesso em usar;Me interesso em usar;Me interesso em usar;Me interesso em usar;Me interesso em usar;Me interesso em usar;Me interesso em usar;Me interesso em usar;Me interesso em usar;Me interesso em usar;Me interesso em usar;Não preciso / Não se aplica;;;Me interesso em usar;Me interesso em usar;Me interesso em usar;Me interesso em usar;Me interesso em usar;Me interesso em usar;Me interesso em usar;Me interesso em usar;Me interesso em usar;Me interesso em usar;Me interesso em usar;Me interesso em usar;Me interesso em usar;Não preciso / Não se aplica;;;Me interesso em usar;Me interesso em usar;Me interesso em usar;Me interesso em usar;Me interesso em usar;Me interesso em usar;Me interesso em usar;Me interesso em usar;Me interesso em usar;Me interesso em usar;Me interesso em usar;Me interesso em usar;Me interesso em usar;Me interesso em usar;Me interesso em usar;Me interesso em usar;Me interesso em usar;Me interesso em usar;Não preciso / Não se aplica;;;Me interesso em usar;Me interesso em usar;Me interesso em usar;Me interesso em usar;Me interesso em usar;Me interesso em usar;Me interesso em usar;Me interesso em usar;Me interesso em usar;Me interesso em usar;Me interesso em usar;Me interesso em usar;Me interesso em usar;Não preciso / Não se aplica;;;Já usei;Me interesso em usar;Me interesso em usar;Me interesso em usar;Me interesso em usar;Me interesso em usar;Me interesso em usar;Me interesso em usar;Me interesso em usar;Me interesso em usar;Me interesso em usar;Me interesso em usar;Não preciso / Não se aplica;;"Monte Carlo;";Não preciso / Não se aplica;Não preciso / Não se aplica;Não preciso / Não se aplica;Não preciso / Não se aplica;Não preciso / Não se aplica;Não preciso / Não se aplica;Não preciso / Não se aplica;Não preciso / Não se aplica;Não preciso / Não se aplica;Não preciso / Não se aplica;Não preciso / Não se aplica;Não preciso / Não se aplica;Não preciso / Não se aplica;;
46;2026-03-18 08:38:09;2026-03-18 08:58:13;0361030@cepel.br;Iago Leal de Paula Souza;;Uso atualmente;Uso atualmente;Uso atualmente;"Block storage;Object storage;";Me interesso em usar;Me interesso em usar;Me interesso em usar;Me interesso em usar;Me interesso em usar;"Data mesh;Data fabric;Data lakehouse;";Não tenho opinião / Não sei;Me interesso em usar;Não tenho opinião / Não sei;Me interesso em usar;Me interesso em usar;Me interesso em usar;Não tenho opinião / Não sei;Não tenho opinião / Não sei;Não tenho opinião / Não sei;Me interesso em usar;Não tenho opinião / Não sei;Não tenho opinião / Não sei;Me interesso em usar;Não tenho opinião / Não sei;Não tenho opinião / Não sei;;"GlusterFS;MinIO;Ceph;";Me interesso em usar;Não tenho opinião / Não sei;Não tenho opinião / Não sei;Me interesso em usar;Me interesso em usar;Me interesso em usar;Não tenho opinião / Não sei;Não tenho opinião / Não sei;Não tenho opinião / Não sei;Não tenho opinião / Não sei;Não tenho opinião / Não sei;Não tenho opinião / Não sei;Me interesso em usar;Não tenho opinião / Não sei;;"OpenMetadata;Amundsen;Ckan;";Me interesso em usar;Não tenho opinião / Não sei;Não tenho opinião / Não sei;Não tenho opinião / Não sei;Me interesso em usar;Já usei;Não tenho opinião / Não sei;Não tenho opinião / Não sei;Me interesso em usar;Me interesso em usar;Me interesso em usar;Me interesso em usar;Não tenho opinião / Não sei;Não tenho opinião / Não sei;Me interesso em usar;Me interesso em usar;Não tenho opinião / Não sei;Não tenho opinião / Não sei;Não tenho opinião / Não sei;;"Keycloak;Authentik;Sonar Qube;";Não tenho opinião / Não sei;Me interesso em usar;Me interesso em usar;Não tenho opinião / Não sei;Me interesso em usar;Me interesso em usar;Me interesso em usar;Não tenho opinião / Não sei;Me interesso em usar;Não tenho opinião / Não sei;Me interesso em usar;Me interesso em usar;Me interesso em usar;Não tenho opinião / Não sei;;"Jenkins;Flyte;Mage;";Me interesso em usar;Me interesso em usar;Me interesso em usar;Me interesso em usar;Não tenho opinião / Não sei;Não tenho opinião / Não sei;Não tenho opinião / Não sei;Não tenho opinião / Não sei;Não tenho opinião / Não sei;Não tenho opinião / Não sei;Não tenho opinião / Não sei;Não tenho opinião / Não sei;Não tenho opinião / Não sei;;"Soda;Great Expectations;Pandera;";Me interesso em usar;Me interesso em usar;Uso atualmente;Uso atualmente;Não tenho opinião / Não sei;Me interesso em usar;Me interesso em usar;Me interesso em usar;Não tenho opinião / Não sei;Não tenho opinião / Não sei;Não tenho opinião / Não sei;Não tenho opinião / Não sei;Não tenho opinião / Não sei;;"Prometheus;Grafana;Fluentd;"
