ID;START_TIME;COMPLETION_TIME;EMAIL;NAME;LAST_MODIFIED_TIME;ESTRUTURADOS_TABULARES_CSV_PLANILHAS_DATAFRAMES_SQL_DUMPS;SEMIESTRUTURADOS_SEM_ESQUEMA_RIGIDO_JSON_TOON_XML_PARQUET_ORC_AVRO;NAOESTRUTURADOS_SEM_FORMATO_DEFINIDO_TEXTOSDOCS_LOGS_AUDIOS_IMAGENS_VIDEOS_BINARIOS;QUAIS_DOS_SEGUINTES_TIPOS_DE_DADOS_LHE_SAO_PRIORITARIOS;ARQUIVOS_DE_DADOS_XLS_CSV_JSON_PARQUET_IMAGEM;SISTEMAS_CORPORATIVOS_ERP_CRM;APIS_E_SERVICOS_WEB;DADOS_DE_SENSORES_IOT;LOGS_DE_SERVIDORES_E_APLICACOES;DADOS_DE_REDES_SOCIAIS;DADOS_GEOESPACIAIS;BANCOS_DE_DADOS_SQL_E_NOSQL;OUTRA;SE_VOCE_APONTOU_TER_USADO_USAR_ATUALMENTE_OU_QUERER_USAR_OUTRA_FONTE_DE_DADO_ACIMA_POR_FAVOR_IDENTIFIQUE_QUAL_ABAIXO;QUAIS_DAS_SEGUINTES_FONTES_DE_DADOS_LHE_SAO_PRIORITARIAS;AIRBYTE;FIVETRAN;MELTANO;APACHE_NIFI;APACHE_CAMEL;APACHE_KAFKA;PULSAR;CONFLUENT;RABBITMQ;APACHE_ROCKETMQ;REDPANDA;DLT;OUTRO3;SE_VOCE_APONTOU_TER_USADO_USAR_ATUALMENTE_OU_QUERER_USAR_OUTRO_FRAMEWORKFERRAMENTA_DE_INGESTAO_DE_DADOS_ACIMA_POR_FAVOR_IDENTIFIQUE_QUAL_ABAIXO;QUAIS_DOS_SEGUINTES_FRAMEWORKSFERRAMENTAS_DE_INGESTAO_DE_DADOS_LHE_SAO_PRIORITARIOS;SQLITE;MYSQL;MARIADB;SQL_SERVER;POSTGRESQL;SUPABASE;ORACLE_DATABASE;IBM_DB2;TIDB;COCKROACHDB;H2_DATABASE;OUTRO4;SE_VOCE_APONTOU_TER_USADO_USAR_ATUALMENTE_OU_QUERER_USAR_OUTRO_BANCO_DE_DADOS_SQL_ACIMA_POR_FAVOR_IDENTIFIQUE_QUAL_ABAIXO;QUAIS_DOS_SEGUINTES_BANCOS_DE_DADOS_SQL_LHE_SAO_PRIORITARIOS;MONGODB;APACHE_COUCHDB;COUCHBASE;RAVENDB;REDIS;AEROSPIKE;APACHE_HBASE;APACHE_CASSANDRA;SCYLLADB;NEO4J;ORIENTDB;ARANGODB;OUTRO5;SE_VOCE_APONTOU_TER_USADO_USAR_ATUALMENTE_OU_QUERER_USAR_OUTRO_BANCO_DE_DADOS_NOSQL_ACIMA_POR_FAVOR_IDENTIFIQUE_QUAL_ABAIXO;QUAIS_DOS_SEGUINTES_BANCOS_DE_DADOS_NOSQL_LHE_SAO_PRIORITARIOS;ELASTICSEARCH;APACHE_SOLR;OPENSEARCH;INFLUXDB;IOTDB;QUESTDB;TIMESCALE;DUCKDB;APACHE_DATAFUSION;CLICKHOUSE;APACHE_PINOT;APACHE_DRUID;APACHE_DORIS;STARROCKS;OUTRO;SE_VOCE_APONTOU_TER_USADO_USAR_ATUALMENTE_OU_QUERER_USAR_OUTRO_BANCO_DE_DADOS_OLAP_ACIMA_POR_FAVOR_IDENTIFIQUE_QUAL_ABAIXO;QUAIS_DOS_SEGUINTES_BANCOS_DE_DADOS_OLAP_LHE_SAO_PRIORITARIOS;PINECONE;MILVUS;QDRANT;CHROMA;WEAVIATE;VESPA;VALD;LANCEDB;DEEPLAKE;MARQO;POSTGRESQL_PGVECTOR;MONGODB_VECTOR;ELASTICSEARCH_VECTOR;REDIS_VECTOR;OUTRO6;SE_VOCE_APONTOU_TER_USADO_USAR_ATUALMENTE_OU_QUERER_USAR_OUTRO_BANCO_DE_DADOS_VETORIAL_ACIMA_POR_FAVOR_IDENTIFIQUE_QUAL_ABAIXO;QUAIS_DOS_SEGUINTES_BANCOS_DE_DADOS_VETORIAIS_LHE_SAO_PRIORITARIOS;APACHE_SPARK;APACHE_BEAM;APACHE_FLINK;APACHE_SAMZA;APACHE_STORM;APACHE_ARROW;PYSPARK;POLARS;RAPIDS_CUDF;RAY;DASK;DUCKDB2;PANDAS;DBT;PENTAHO;TALEND;OUTRO7;SE_VOCE_APONTOU_TER_USADO_USAR_ATUALMENTE_OU_QUERER_USAR_OUTRO_FRAMEWORKFERRAMENTA_DE_TRANSFORMACAO_DE_DADOS_ACIMA_POR_FAVOR_IDENTIFIQUE_QUAL_ABAIXO;QUAIS_DOS_SEGUINTES_FRAMEWORKSFERRAMENTAS_DE_TRANSFORMACAO_DE_DADOS_LHE_SAO_PRIORITARIOS;TRINO;STARBURST;PRESTO;DREMIO;APACHE_DRILL;APACHE_IMPALA;APACHE_SUPERSET;METABASE;POWERBI;TABLEAU;QLIK;LOOKER;STREAMLIT;DASH;SHINY;GRADIO;PANEL;MERCURY;EVIDENCE;OUTRO2;SE_VOCE_APONTOU_TER_USADO_USAR_ATUALMENTE_OU_QUERER_USAR_OUTRO_FRAMEWORKFERRAMENTA_DE_ANALISE_E_VISUALIZACAO_DE_DADOS_ACIMA_POR_FAVOR_IDENTIFIQUE_QUAL_ABAIXO;QUAIS_DOS_SEGUINTES_FRAMEWORKSFERRAMENTAS_DE_ANALISE_E_VISUALIZACAO_DE_DADOS_LHE_SAO_PRIORITARIOS
8;2026-03-03 10:51:32;2026-03-03 11:01:11;0335009@cepel.br;Pedro Cesar de Oliveira;;Uso atualmente;Uso atualmente;Me interesso em usar;"Estruturados / tabulares (CSV, planilhas, dataframes, SQL dumps);Não-estruturados / sem formato definido (textos/docs, logs, áudios, imagens, vídeos, binários);";Uso atualmente;Já usei;Uso atualmente;Me interesso em usar;Uso atualmente;Não preciso / Não se aplica;Me interesso em usar;Uso atualmente;Não preciso / Não se aplica;;"Bancos de dados SQL e NoSQL;Logs de servidores e aplicações;APIs e serviços web;";Não tenho opinião / Não sei;Não tenho opinião / Não sei;Não tenho opinião / Não sei;Não tenho opinião / Não sei;Não tenho opinião / Não sei;Me interesso em usar;Não tenho opinião / Não sei;Me interesso em usar;Me interesso em usar;Não tenho opinião / Não sei;Não tenho opinião / Não sei;Não tenho opinião / Não sei;Não tenho opinião / Não sei;;"Apache Kafka;RabbitMQ;Confluent;";Já usei;Uso atualmente;Já usei;Uso atualmente;Uso atualmente;Não tenho opinião / Não sei;Me interesso em usar;Não tenho opinião / Não sei;Não tenho opinião / Não sei;Não tenho opinião / Não sei;Não tenho opinião / Não sei;Não tenho opinião / Não sei;;"MySQL;SQL Server;PostgreSQL;";Já usei;Não tenho opinião / Não sei;Não tenho opinião / Não sei;Não tenho opinião / Não sei;Não tenho opinião / Não sei;Não tenho opinião / Não sei;Não tenho opinião / Não sei;Já usei;Não tenho opinião / Não sei;Me interesso em usar;Não tenho opinião / Não sei;Não tenho opinião / Não sei;Não tenho opinião / Não sei;;"MongoDB;Apache Cassandra;Neo4j;";Não tenho opinião / Não sei;Não tenho opinião / Não sei;Não tenho opinião / Não sei;Não tenho opinião / Não sei;Não tenho opinião / Não sei;Não tenho opinião / Não sei;Não tenho opinião / Não sei;Não tenho opinião / Não sei;Não tenho opinião / Não sei;Não tenho opinião / Não sei;Não tenho opinião / Não sei;Não tenho opinião / Não sei;Não tenho opinião / Não sei;Não tenho opinião / Não sei;Não tenho opinião / Não sei;;;Não tenho opinião / Não sei;Não tenho opinião / Não sei;Não tenho opinião / Não sei;Não tenho opinião / Não sei;Não tenho opinião / Não sei;Não tenho opinião / Não sei;Não tenho opinião / Não sei;Não tenho opinião / Não sei;Não tenho opinião / Não sei;Não tenho opinião / Não sei;Não tenho opinião / Não sei;Não tenho opinião / Não sei;Não tenho opinião / Não sei;Não tenho opinião / Não sei;Não tenho opinião / Não sei;;;Já usei;Não tenho opinião / Não sei;Não tenho opinião / Não sei;Não tenho opinião / Não sei;Não tenho opinião / Não sei;Não tenho opinião / Não sei;Já usei;Não tenho opinião / Não sei;Não tenho opinião / Não sei;Não tenho opinião / Não sei;Não tenho opinião / Não sei;Não tenho opinião / Não sei;Já usei;Não tenho opinião / Não sei;Já usei;Não tenho opinião / Não sei;Não tenho opinião / Não sei;;"Pentaho;PySpark;Pandas;";Não tenho opinião / Não sei;Não tenho opinião / Não sei;Não tenho opinião / Não sei;Não tenho opinião / Não sei;Não tenho opinião / Não sei;Não tenho opinião / Não sei;Não tenho opinião / Não sei;Não tenho opinião / Não sei;Já usei;Não tenho opinião / Não sei;Não tenho opinião / Não sei;Não tenho opinião / Não sei;Não tenho opinião / Não sei;Não tenho opinião / Não sei;Já usei;Não tenho opinião / Não sei;Não tenho opinião / Não sei;Não tenho opinião / Não sei;Não tenho opinião / Não sei;Não tenho opinião / Não sei;;"PowerBI;Tableau;"
9;2026-03-03 10:59:11;2026-03-03 11:06:15;0360710@cepel.br;Marcelo Alberto Guimarães;;Não tenho opinião / Não sei;Não tenho opinião / Não sei;Não tenho opinião / Não sei;;Não tenho opinião / Não sei;Não tenho opinião / Não sei;Me interesso em usar;Me interesso em usar;Não tenho opinião / Não sei;Não preciso / Não se aplica;Me interesso em usar;Não preciso / Não se aplica;Não tenho opinião / Não sei;;"APIs e serviços web;";Não tenho opinião / Não sei;Não tenho opinião / Não sei;Não tenho opinião / Não sei;Não tenho opinião / Não sei;Não tenho opinião / Não sei;Não tenho opinião / Não sei;Não tenho opinião / Não sei;Não tenho opinião / Não sei;Não tenho opinião / Não sei;Não tenho opinião / Não sei;Não tenho opinião / Não sei;Não tenho opinião / Não sei;Não tenho opinião / Não sei;Sou Designer de UX, utilizo outros frameworks;"Outro;";Não preciso / Não se aplica;Não preciso / Não se aplica;Não preciso / Não se aplica;Não preciso / Não se aplica;Não preciso / Não se aplica;Não preciso / Não se aplica;Não preciso / Não se aplica;Não preciso / Não se aplica;Não preciso / Não se aplica;Não preciso / Não se aplica;Não preciso / Não se aplica;Não preciso / Não se aplica;;;Não preciso / Não se aplica;Não preciso / Não se aplica;Não preciso / Não se aplica;Não preciso / Não se aplica;Não preciso / Não se aplica;Não preciso / Não se aplica;Não preciso / Não se aplica;Não preciso / Não se aplica;Não preciso / Não se aplica;Não preciso / Não se aplica;Não preciso / Não se aplica;Não preciso / Não se aplica;Não preciso / Não se aplica;;;Não preciso / Não se aplica;Não preciso / Não se aplica;Não preciso / Não se aplica;Não preciso / Não se aplica;Não preciso / Não se aplica;Não preciso / Não se aplica;Não preciso / Não se aplica;Não preciso / Não se aplica;Não preciso / Não se aplica;Não preciso / Não se aplica;Não preciso / Não se aplica;Não preciso / Não se aplica;Não preciso / Não se aplica;Não preciso / Não se aplica;Não preciso / Não se aplica;;;Não tenho opinião / Não sei;Não tenho opinião / Não sei;Não tenho opinião / Não sei;Não tenho opinião / Não sei;Não tenho opinião / Não sei;Não tenho opinião / Não sei;Não tenho opinião / Não sei;Não tenho opinião / Não sei;Não tenho opinião / Não sei;Não tenho opinião / Não sei;Não tenho opinião / Não sei;Não tenho opinião / Não sei;Não tenho opinião / Não sei;Não tenho opinião / Não sei;Não tenho opinião / Não sei;;;Não tenho opinião / Não sei;Não tenho opinião / Não sei;Não tenho opinião / Não sei;Não tenho opinião / Não sei;Não tenho opinião / Não sei;Não tenho opinião / Não sei;Não tenho opinião / Não sei;Não tenho opinião / Não sei;Não tenho opinião / Não sei;Não tenho opinião / Não sei;Não tenho opinião / Não sei;Não tenho opinião / Não sei;Não tenho opinião / Não sei;Não tenho opinião / Não sei;Não tenho opinião / Não sei;Não tenho opinião / Não sei;Não tenho opinião / Não sei;;;Não preciso / Não se aplica;Não preciso / Não se aplica;Não preciso / Não se aplica;Não preciso / Não se aplica;Não preciso / Não se aplica;Não preciso / Não se aplica;Não preciso / Não se aplica;Não preciso / Não se aplica;Me interesso em usar;Não preciso / Não se aplica;Não preciso / Não se aplica;Não preciso / Não se aplica;Não preciso / Não se aplica;Não preciso / Não se aplica;Não preciso / Não se aplica;Não preciso / Não se aplica;Não preciso / Não se aplica;Não preciso / Não se aplica;Não preciso / Não se aplica;Não preciso / Não se aplica;;
10;2026-03-03 10:52:53;2026-03-03 11:09:49;0360841@cepel.br;Nério José Fernandes dos Santos;;Uso atualmente;Uso atualmente;Uso atualmente;"Semi-estruturados / sem esquema rígido (JSON, TOON, XML, parquet, ORC, Avro);Estruturados / tabulares (CSV, planilhas, dataframes, SQL dumps);";Uso atualmente;Não preciso / Não se aplica;Uso atualmente;Não preciso / Não se aplica;Uso atualmente;Não preciso / Não se aplica;Não preciso / Não se aplica;Uso atualmente;Não preciso / Não se aplica;;"Arquivos de dados (XLS, CSV, JSON, parquet, imagem, ...);APIs e serviços web;Bancos de dados SQL e NoSQL;";Não tenho opinião / Não sei;Não tenho opinião / Não sei;Não tenho opinião / Não sei;Não tenho opinião / Não sei;Não tenho opinião / Não sei;Me interesso em usar;Não tenho opinião / Não sei;Não tenho opinião / Não sei;Me interesso em usar;Não tenho opinião / Não sei;Não tenho opinião / Não sei;Não tenho opinião / Não sei;Me interesso em usar;Azure Data Factory;"Apache Kafka;RabbitMQ;Outro;";Já usei;Uso atualmente;Não tenho opinião / Não sei;Uso atualmente;Uso atualmente;Não tenho opinião / Não sei;Não tenho opinião / Não sei;Não tenho opinião / Não sei;Não tenho opinião / Não sei;Não tenho opinião / Não sei;Não tenho opinião / Não sei;Não tenho opinião / Não sei;;"MySQL;SQL Server;PostgreSQL;";Já usei;Não tenho opinião / Não sei;Não tenho opinião / Não sei;Não tenho opinião / Não sei;Me interesso em usar;Não tenho opinião / Não sei;Me interesso em usar;Não tenho opinião / Não sei;Não tenho opinião / Não sei;Não tenho opinião / Não sei;Não tenho opinião / Não sei;Não tenho opinião / Não sei;Não tenho opinião / Não sei;;"MongoDB;Redis;Apache HBase;";Me interesso em usar;Não tenho opinião / Não sei;Não tenho opinião / Não sei;Não tenho opinião / Não sei;Não tenho opinião / Não sei;Não tenho opinião / Não sei;Me interesso em usar;Não tenho opinião / Não sei;Me interesso em usar;Não tenho opinião / Não sei;Não tenho opinião / Não sei;Não tenho opinião / Não sei;Não tenho opinião / Não sei;Não tenho opinião / Não sei;Não tenho opinião / Não sei;;"Elasticsearch;Timescale;Apache Datafusion;";Não tenho opinião / Não sei;Não tenho opinião / Não sei;Não tenho opinião / Não sei;Não tenho opinião / Não sei;Não tenho opinião / Não sei;Não tenho opinião / Não sei;Não tenho opinião / Não sei;Não tenho opinião / Não sei;Não tenho opinião / Não sei;Não tenho opinião / Não sei;Me interesso em usar;Me interesso em usar;Me interesso em usar;Me interesso em usar;Não tenho opinião / Não sei;;"PostgreSQL pgvector;MongoDB Vector;Redis Vector;";Me interesso em usar;Não tenho opinião / Não sei;Não tenho opinião / Não sei;Não tenho opinião / Não sei;Não tenho opinião / Não sei;Não tenho opinião / Não sei;Não tenho opinião / Não sei;Não tenho opinião / Não sei;Não tenho opinião / Não sei;Não tenho opinião / Não sei;Não tenho opinião / Não sei;Não tenho opinião / Não sei;Me interesso em usar;Me interesso em usar;Já usei;Não tenho opinião / Não sei;Não tenho opinião / Não sei;;"Pentaho;Apache Spark;Pandas;";Não tenho opinião / Não sei;Não tenho opinião / Não sei;Não tenho opinião / Não sei;Não tenho opinião / Não sei;Não tenho opinião / Não sei;Não tenho opinião / Não sei;Não tenho opinião / Não sei;Me interesso em usar;Já usei;Já usei;Não tenho opinião / Não sei;Já usei;Não tenho opinião / Não sei;Não tenho opinião / Não sei;Não tenho opinião / Não sei;Não tenho opinião / Não sei;Não tenho opinião / Não sei;Não tenho opinião / Não sei;Não tenho opinião / Não sei;Não tenho opinião / Não sei;;"PowerBI;Metabase;Looker;"
11;2026-03-03 11:09:11;2026-03-03 11:15:15;brunaf@cepel.br;Bruna de Andrade Bastos Fonseca;;Uso atualmente;Uso atualmente;Uso atualmente;"Semi-estruturados / sem esquema rígido (JSON, TOON, XML, parquet, ORC, Avro);Estruturados / tabulares (CSV, planilhas, dataframes, SQL dumps);";Uso atualmente;Não preciso / Não se aplica;Uso atualmente;Uso atualmente;Uso atualmente;Não preciso / Não se aplica;Não preciso / Não se aplica;Uso atualmente;Não preciso / Não se aplica;;"Arquivos de dados (XLS, CSV, JSON, parquet, imagem, ...);Bancos de dados SQL e NoSQL;Dados de sensores IoT;";Não tenho opinião / Não sei;Não tenho opinião / Não sei;Não tenho opinião / Não sei;Não tenho opinião / Não sei;Não tenho opinião / Não sei;Não tenho opinião / Não sei;Não tenho opinião / Não sei;Não tenho opinião / Não sei;Não tenho opinião / Não sei;Não tenho opinião / Não sei;Não tenho opinião / Não sei;Não tenho opinião / Não sei;Não tenho opinião / Não sei;;;Já usei;Já usei;Não tenho opinião / Não sei;Já usei;Uso atualmente;Não tenho opinião / Não sei;Já usei;Não tenho opinião / Não sei;Não tenho opinião / Não sei;Não tenho opinião / Não sei;Não tenho opinião / Não sei;Não tenho opinião / Não sei;;"PostgreSQL;";Me interesso em usar;Não tenho opinião / Não sei;Não tenho opinião / Não sei;Não tenho opinião / Não sei;Não tenho opinião / Não sei;Não tenho opinião / Não sei;Não tenho opinião / Não sei;Não tenho opinião / Não sei;Não tenho opinião / Não sei;Não tenho opinião / Não sei;Não tenho opinião / Não sei;Não tenho opinião / Não sei;Não tenho opinião / Não sei;;"MongoDB;";Não tenho opinião / Não sei;Não tenho opinião / Não sei;Não tenho opinião / Não sei;Não tenho opinião / Não sei;Não tenho opinião / Não sei;Me interesso em usar;Não tenho opinião / Não sei;Não tenho opinião / Não sei;Não tenho opinião / Não sei;Não tenho opinião / Não sei;Não tenho opinião / Não sei;Não tenho opinião / Não sei;Não tenho opinião / Não sei;Não tenho opinião / Não sei;Não tenho opinião / Não sei;;;Não tenho opinião / Não sei;Não tenho opinião / Não sei;Não tenho opinião / Não sei;Não tenho opinião / Não sei;Não tenho opinião / Não sei;Não tenho opinião / Não sei;Não tenho opinião / Não sei;Não tenho opinião / Não sei;Não tenho opinião / Não sei;Não tenho opinião / Não sei;Não tenho opinião / Não sei;Não tenho opinião / Não sei;Não tenho opinião / Não sei;Não tenho opinião / Não sei;Não tenho opinião / Não sei;;;Não tenho opinião / Não sei;Não tenho opinião / Não sei;Não tenho opinião / Não sei;Não tenho opinião / Não sei;Não tenho opinião / Não sei;Não tenho opinião / Não sei;Não tenho opinião / Não sei;Não tenho opinião / Não sei;Não tenho opinião / Não sei;Não tenho opinião / Não sei;Não tenho opinião / Não sei;Não tenho opinião / Não sei;Não tenho opinião / Não sei;Não tenho opinião / Não sei;Não tenho opinião / Não sei;Não tenho opinião / Não sei;Não tenho opinião / Não sei;;;Não tenho opinião / Não sei;Não tenho opinião / Não sei;Não tenho opinião / Não sei;Não tenho opinião / Não sei;Não tenho opinião / Não sei;Não tenho opinião / Não sei;Não tenho opinião / Não sei;Não tenho opinião / Não sei;Não tenho opinião / Não sei;Não tenho opinião / Não sei;Não tenho opinião / Não sei;Não tenho opinião / Não sei;Não tenho opinião / Não sei;Não tenho opinião / Não sei;Não tenho opinião / Não sei;Não tenho opinião / Não sei;Não tenho opinião / Não sei;Não tenho opinião / Não sei;Não tenho opinião / Não sei;Não tenho opinião / Não sei;;
12;2026-03-03 11:08:50;2026-03-03 11:30:24;0360099@cepel.br;Guilherme Prudente Da Silva;;Uso atualmente;Uso atualmente;Uso atualmente;"Estruturados / tabulares (CSV, planilhas, dataframes, SQL dumps);Semi-estruturados / sem esquema rígido (JSON, TOON, XML, parquet, ORC, Avro);";Uso atualmente;Não tenho opinião / Não sei;Uso atualmente;Já usei;Uso atualmente;Me interesso em usar;Me interesso em usar;Uso atualmente;Não tenho opinião / Não sei;;"Dados de sensores IoT;Dados geoespaciais;Logs de servidores e aplicações;";Me interesso em usar;Me interesso em usar;Me interesso em usar;Me interesso em usar;Me interesso em usar;Me interesso em usar;Me interesso em usar;Me interesso em usar;Me interesso em usar;Me interesso em usar;Me interesso em usar;Me interesso em usar;Me interesso em usar;Nunca utilizei um framework para ingestão de dados, porém teria interesse em aprender;;Já usei;Me interesso em usar;Me interesso em usar;Me interesso em usar;Uso atualmente;Me interesso em usar;Me interesso em usar;Me interesso em usar;Me interesso em usar;Me interesso em usar;Me interesso em usar;Me interesso em usar;;"PostgreSQL;";Já usei;Me interesso em usar;Me interesso em usar;Me interesso em usar;Me interesso em usar;Me interesso em usar;Me interesso em usar;Me interesso em usar;Me interesso em usar;Me interesso em usar;Me interesso em usar;Me interesso em usar;Me interesso em usar;Só utilizei até então o MongoDB porém tenho interesse/não teria problema em aprender mais sobre;;Me interesso em usar;Me interesso em usar;Me interesso em usar;Me interesso em usar;Me interesso em usar;Me interesso em usar;Me interesso em usar;Me interesso em usar;Me interesso em usar;Me interesso em usar;Me interesso em usar;Me interesso em usar;Me interesso em usar;Me interesso em usar;Me interesso em usar;Nunca cheguei a trabalhar com nenhum desses, porém tenho interesse em aprender;;Me interesso em usar;Me interesso em usar;Me interesso em usar;Me interesso em usar;Me interesso em usar;Me interesso em usar;Me interesso em usar;Me interesso em usar;Me interesso em usar;Me interesso em usar;Me interesso em usar;Me interesso em usar;Me interesso em usar;Me interesso em usar;Me interesso em usar;Nunca cheguei a trabalhar com nenhum desses, porém tenho interesse em aprender;;Me interesso em usar;Me interesso em usar;Me interesso em usar;Me interesso em usar;Me interesso em usar;Me interesso em usar;Me interesso em usar;Me interesso em usar;Me interesso em usar;Me interesso em usar;Me interesso em usar;Me interesso em usar;Já usei;Me interesso em usar;Me interesso em usar;Me interesso em usar;Me interesso em usar;;"Pandas;";Me interesso em usar;Me interesso em usar;Me interesso em usar;Me interesso em usar;Me interesso em usar;Me interesso em usar;Me interesso em usar;Me interesso em usar;Me interesso em usar;Me interesso em usar;Me interesso em usar;Me interesso em usar;Já usei;Me interesso em usar;Me interesso em usar;Já usei;Me interesso em usar;Me interesso em usar;Me interesso em usar;Me interesso em usar;;"Streamlit;Gradio;"
13;2026-03-03 11:31:43;2026-03-03 11:49:10;0361934@cepel.br;Alberto Pavim;;Uso atualmente;Uso atualmente;Já usei;"Estruturados / tabulares (CSV, planilhas, dataframes, SQL dumps);Semi-estruturados / sem esquema rígido (JSON, TOON, XML, parquet, ORC, Avro);";Uso atualmente;Me interesso em usar;Uso atualmente;Me interesso em usar;Me interesso em usar;Me interesso em usar;Já usei;Uso atualmente;Não preciso / Não se aplica;;"Arquivos de dados (XLS, CSV, JSON, parquet, imagem, ...);Bancos de dados SQL e NoSQL;APIs e serviços web;";Me interesso em usar;Não tenho opinião / Não sei;Não tenho opinião / Não sei;Me interesso em usar;Não tenho opinião / Não sei;Me interesso em usar;Não tenho opinião / Não sei;Não tenho opinião / Não sei;Me interesso em usar;Não tenho opinião / Não sei;Me interesso em usar;Me interesso em usar;Não tenho opinião / Não sei;;"Apache Kafka;Apache NiFi;Airbyte;";Já usei;Já usei;Não tenho opinião / Não sei;Não tenho opinião / Não sei;Uso atualmente;Não tenho opinião / Não sei;Não tenho opinião / Não sei;Não tenho opinião / Não sei;Não tenho opinião / Não sei;Me interesso em usar;Não tenho opinião / Não sei;Não tenho opinião / Não sei;;"SQLite;PostgreSQL;MySQL;";Já usei;Me interesso em usar;Não tenho opinião / Não sei;Não tenho opinião / Não sei;Me interesso em usar;Não tenho opinião / Não sei;Não tenho opinião / Não sei;Não tenho opinião / Não sei;Não tenho opinião / Não sei;Me interesso em usar;Não tenho opinião / Não sei;Me interesso em usar;Não tenho opinião / Não sei;;"MongoDB;Redis;ArangoDB;";Me interesso em usar;Não tenho opinião / Não sei;Me interesso em usar;Me interesso em usar;Não tenho opinião / Não sei;Me interesso em usar;Não tenho opinião / Não sei;Uso atualmente;Não tenho opinião / Não sei;Me interesso em usar;Não tenho opinião / Não sei;Não tenho opinião / Não sei;Não tenho opinião / Não sei;Me interesso em usar;Não tenho opinião / Não sei;;"DuckDB;ClickHouse;Elasticsearch;";Não tenho opinião / Não sei;Não tenho opinião / Não sei;Me interesso em usar;Me interesso em usar;Não tenho opinião / Não sei;Não tenho opinião / Não sei;Não tenho opinião / Não sei;Não tenho opinião / Não sei;Não tenho opinião / Não sei;Não tenho opinião / Não sei;Me interesso em usar;Me interesso em usar;Me interesso em usar;Me interesso em usar;Não tenho opinião / Não sei;;"Qdrant;PostgreSQL pgvector;MongoDB Vector;";Não tenho opinião / Não sei;Não tenho opinião / Não sei;Me interesso em usar;Não tenho opinião / Não sei;Não tenho opinião / Não sei;Uso atualmente;Uso atualmente;Uso atualmente;Uso atualmente;Me interesso em usar;Me interesso em usar;Uso atualmente;Uso atualmente;Me interesso em usar;Não tenho opinião / Não sei;Não tenho opinião / Não sei;Não tenho opinião / Não sei;;"Polars;PySpark;RAPIDS cuDF;";Me interesso em usar;Não tenho opinião / Não sei;Não tenho opinião / Não sei;Não tenho opinião / Não sei;Não tenho opinião / Não sei;Não tenho opinião / Não sei;Me interesso em usar;Me interesso em usar;Uso atualmente;Já usei;Já usei;Já usei;Uso atualmente;Não tenho opinião / Não sei;Me interesso em usar;Me interesso em usar;Me interesso em usar;Não tenho opinião / Não sei;Não tenho opinião / Não sei;Não tenho opinião / Não sei;;"Trino;Apache Superset;Streamlit;"
14;2026-03-03 14:19:46;2026-03-03 14:28:22;0362504@cepel.br;Zhang Yuan;;Uso atualmente;Uso atualmente;Uso atualmente;"Semi-estruturados / sem esquema rígido (JSON, TOON, XML, parquet, ORC, Avro);Estruturados / tabulares (CSV, planilhas, dataframes, SQL dumps);";Uso atualmente;Já usei;Uso atualmente;Uso atualmente;Uso atualmente;Uso atualmente;Uso atualmente;Uso atualmente;Uso atualmente;dados vetoriais;"Arquivos de dados (XLS, CSV, JSON, parquet, imagem, ...);Bancos de dados SQL e NoSQL;APIs e serviços web;";Já usei;Me interesso em usar;Me interesso em usar;Já usei;Já usei;Uso atualmente;Já usei;Uso atualmente;Uso atualmente;Já usei;Uso atualmente;Uso atualmente;Não tenho opinião / Não sei;;"dlt;Airbyte;Apache NiFi;";Uso atualmente;Uso atualmente;Uso atualmente;Uso atualmente;Uso atualmente;Uso atualmente;Já usei;Me interesso em usar;Me interesso em usar;Me interesso em usar;Me interesso em usar;Não tenho opinião / Não sei;;"PostgreSQL;Supabase;MariaDB;";Uso atualmente;Me interesso em usar;Me interesso em usar;Me interesso em usar;Uso atualmente;Me interesso em usar;Uso atualmente;Uso atualmente;Me interesso em usar;Já usei;Me interesso em usar;Me interesso em usar;Não tenho opinião / Não sei;;"MongoDB;Neo4j;Apache Cassandra;";Uso atualmente;Uso atualmente;Uso atualmente;Me interesso em usar;Me interesso em usar;Me interesso em usar;Me interesso em usar;Uso atualmente;Me interesso em usar;Me interesso em usar;Já usei;Já usei;Me interesso em usar;Me interesso em usar;Não tenho opinião / Não sei;;"DuckDB;OpenSearch;Elasticsearch;";Uso atualmente;Me interesso em usar;Uso atualmente;Uso atualmente;Me interesso em usar;Me interesso em usar;Me interesso em usar;Me interesso em usar;Me interesso em usar;Me interesso em usar;Uso atualmente;Já usei;Já usei;Já usei;Não tenho opinião / Não sei;;"Qdrant;Chroma;PostgreSQL pgvector;";Uso atualmente;Já usei;Já usei;Me interesso em usar;Me interesso em usar;Uso atualmente;Uso atualmente;Uso atualmente;Me interesso em usar;Me interesso em usar;Uso atualmente;Uso atualmente;Uso atualmente;Uso atualmente;Já usei;Me interesso em usar;Não tenho opinião / Não sei;;"Apache Spark;DuckDB;dbt;";Me interesso em usar;Me interesso em usar;Já usei;Já usei;Já usei;Me interesso em usar;Já usei;Me interesso em usar;Uso atualmente;Uso atualmente;Uso atualmente;Já usei;Uso atualmente;Uso atualmente;Me interesso em usar;Uso atualmente;Me interesso em usar;Me interesso em usar;Me interesso em usar;Não tenho opinião / Não sei;;"PowerBI;Dash;Streamlit;"
15;2026-03-03 14:22:38;2026-03-03 14:45:40;0360708@cepel.br;Wilson Albuquerque Ramos;;Já usei;Uso atualmente;Não preciso / Não se aplica;"Semi-estruturados / sem esquema rígido (JSON, TOON, XML, parquet, ORC, Avro);Estruturados / tabulares (CSV, planilhas, dataframes, SQL dumps);";Uso atualmente;Não tenho opinião / Não sei;Uso atualmente;Já usei;Uso atualmente;Me interesso em usar;Não tenho opinião / Não sei;Uso atualmente;Não tenho opinião / Não sei;;"APIs e serviços web;Logs de servidores e aplicações;Bancos de dados SQL e NoSQL;";Não tenho opinião / Não sei;Não tenho opinião / Não sei;Não tenho opinião / Não sei;Não tenho opinião / Não sei;Não tenho opinião / Não sei;Não tenho opinião / Não sei;Não tenho opinião / Não sei;Não tenho opinião / Não sei;Já usei;Não tenho opinião / Não sei;Não tenho opinião / Não sei;Não tenho opinião / Não sei;Não tenho opinião / Não sei;;"RabbitMQ;Apache Kafka;Airbyte;";Não preciso / Não se aplica;Já usei;Me interesso em usar;Já usei;Uso atualmente;Me interesso em usar;Me interesso em usar;Me interesso em usar;Me interesso em usar;Me interesso em usar;Já usei;Não tenho opinião / Não sei;;"PostgreSQL;Supabase;MySQL;";Já usei;Me interesso em usar;Me interesso em usar;Me interesso em usar;Já usei;Não tenho opinião / Não sei;Não tenho opinião / Não sei;Me interesso em usar;Me interesso em usar;Me interesso em usar;Não tenho opinião / Não sei;Não tenho opinião / Não sei;Não tenho opinião / Não sei;;"Redis;Neo4j;Apache Cassandra;";Me interesso em usar;Me interesso em usar;Me interesso em usar;Me interesso em usar;Me interesso em usar;Me interesso em usar;Me interesso em usar;Me interesso em usar;Me interesso em usar;Me interesso em usar;Me interesso em usar;Me interesso em usar;Me interesso em usar;Me interesso em usar;Não tenho opinião / Não sei;;"IoTDB;Elasticsearch;Apache Doris;";Não tenho opinião / Não sei;Não tenho opinião / Não sei;Já usei;Não tenho opinião / Não sei;Não tenho opinião / Não sei;Não tenho opinião / Não sei;Não tenho opinião / Não sei;Não tenho opinião / Não sei;Não tenho opinião / Não sei;Não tenho opinião / Não sei;Não tenho opinião / Não sei;Não tenho opinião / Não sei;Não tenho opinião / Não sei;Não tenho opinião / Não sei;Não tenho opinião / Não sei;;"Qdrant;PostgreSQL pgvector;Elasticsearch Vector;";Não tenho opinião / Não sei;Não tenho opinião / Não sei;Não tenho opinião / Não sei;Não tenho opinião / Não sei;Não tenho opinião / Não sei;Não tenho opinião / Não sei;Não tenho opinião / Não sei;Me interesso em usar;Não tenho opinião / Não sei;Não tenho opinião / Não sei;Não tenho opinião / Não sei;Não tenho opinião / Não sei;Já usei;Não tenho opinião / Não sei;Não tenho opinião / Não sei;Não tenho opinião / Não sei;Não tenho opinião / Não sei;;"Pandas;PySpark;Apache Spark;";Não tenho opinião / Não sei;Não tenho opinião / Não sei;Não tenho opinião / Não sei;Não tenho opinião / Não sei;Não tenho opinião / Não sei;Não tenho opinião / Não sei;Não tenho opinião / Não sei;Não tenho opinião / Não sei;Já usei;Já usei;Não tenho opinião / Não sei;Não tenho opinião / Não sei;Não tenho opinião / Não sei;Não tenho opinião / Não sei;Não tenho opinião / Não sei;Não tenho opinião / Não sei;Não tenho opinião / Não sei;Não tenho opinião / Não sei;Não tenho opinião / Não sei;Não tenho opinião / Não sei;;"PowerBI;Presto;Starburst;"
16;2026-03-03 14:40:18;2026-03-03 14:52:53;vcastell@cepel.br;Valk Luiz de Oliveira Castellani;;Uso atualmente;Uso atualmente;Não preciso / Não se aplica;"Estruturados / tabulares (CSV, planilhas, dataframes, SQL dumps);Semi-estruturados / sem esquema rígido (JSON, TOON, XML, parquet, ORC, Avro);";Uso atualmente;Não preciso / Não se aplica;Uso atualmente;Não preciso / Não se aplica;Uso atualmente;Não preciso / Não se aplica;Não preciso / Não se aplica;Uso atualmente;Não tenho opinião / Não sei;;"Arquivos de dados (XLS, CSV, JSON, parquet, imagem, ...);APIs e serviços web;Bancos de dados SQL e NoSQL;";Não tenho opinião / Não sei;Não tenho opinião / Não sei;Não tenho opinião / Não sei;Não tenho opinião / Não sei;Não tenho opinião / Não sei;Me interesso em usar;Não tenho opinião / Não sei;Não tenho opinião / Não sei;Me interesso em usar;Não tenho opinião / Não sei;Não tenho opinião / Não sei;Não tenho opinião / Não sei;Não tenho opinião / Não sei;;"Apache Kafka;RabbitMQ;";Já usei;Uso atualmente;Já usei;Já usei;Uso atualmente;Não tenho opinião / Não sei;Já usei;Não tenho opinião / Não sei;Não tenho opinião / Não sei;Não tenho opinião / Não sei;Não tenho opinião / Não sei;Não tenho opinião / Não sei;;"MySQL;PostgreSQL;";Me interesso em usar;Não tenho opinião / Não sei;Não tenho opinião / Não sei;Não tenho opinião / Não sei;Me interesso em usar;Não tenho opinião / Não sei;Não tenho opinião / Não sei;Não tenho opinião / Não sei;Não tenho opinião / Não sei;Me interesso em usar;Não tenho opinião / Não sei;Não tenho opinião / Não sei;Não tenho opinião / Não sei;;"MongoDB;Apache Cassandra;Neo4j;";Não tenho opinião / Não sei;Não tenho opinião / Não sei;Não tenho opinião / Não sei;Não tenho opinião / Não sei;Não tenho opinião / Não sei;Não tenho opinião / Não sei;Não tenho opinião / Não sei;Não tenho opinião / Não sei;Não tenho opinião / Não sei;Não tenho opinião / Não sei;Não tenho opinião / Não sei;Não tenho opinião / Não sei;Não tenho opinião / Não sei;Não tenho opinião / Não sei;Não tenho opinião / Não sei;;;Não tenho opinião / Não sei;Não tenho opinião / Não sei;Não tenho opinião / Não sei;Não tenho opinião / Não sei;Não tenho opinião / Não sei;Não tenho opinião / Não sei;Não tenho opinião / Não sei;Não tenho opinião / Não sei;Não tenho opinião / Não sei;Não tenho opinião / Não sei;Me interesso em usar;Me interesso em usar;Não tenho opinião / Não sei;Me interesso em usar;Não tenho opinião / Não sei;;"PostgreSQL pgvector;MongoDB Vector;Redis Vector;";Não tenho opinião / Não sei;Não tenho opinião / Não sei;Não tenho opinião / Não sei;Não tenho opinião / Não sei;Não tenho opinião / Não sei;Não tenho opinião / Não sei;Não tenho opinião / Não sei;Não tenho opinião / Não sei;Não tenho opinião / Não sei;Não tenho opinião / Não sei;Não tenho opinião / Não sei;Não tenho opinião / Não sei;Uso atualmente;Não tenho opinião / Não sei;Não tenho opinião / Não sei;Não tenho opinião / Não sei;Não tenho opinião / Não sei;;"Pandas;";Não tenho opinião / Não sei;Não tenho opinião / Não sei;Não tenho opinião / Não sei;Não tenho opinião / Não sei;Não tenho opinião / Não sei;Não tenho opinião / Não sei;Não tenho opinião / Não sei;Não tenho opinião / Não sei;Me interesso em usar;Não tenho opinião / Não sei;Não tenho opinião / Não sei;Não tenho opinião / Não sei;Já usei;Não tenho opinião / Não sei;Não tenho opinião / Não sei;Já usei;Não tenho opinião / Não sei;Não tenho opinião / Não sei;Não tenho opinião / Não sei;Não tenho opinião / Não sei;;"Gradio;Streamlit;PowerBI;"
17;2026-03-03 14:54:02;2026-03-03 15:01:37;0360152@cepel.br;Thiago Gomes Da Silva;;Não tenho opinião / Não sei;Não tenho opinião / Não sei;Não tenho opinião / Não sei;;Não tenho opinião / Não sei;Não tenho opinião / Não sei;Não tenho opinião / Não sei;Não tenho opinião / Não sei;Não tenho opinião / Não sei;Não tenho opinião / Não sei;Não tenho opinião / Não sei;Não tenho opinião / Não sei;Não tenho opinião / Não sei;;;Não tenho opinião / Não sei;Não tenho opinião / Não sei;Não tenho opinião / Não sei;Não tenho opinião / Não sei;Não tenho opinião / Não sei;Não tenho opinião / Não sei;Não tenho opinião / Não sei;Não tenho opinião / Não sei;Não tenho opinião / Não sei;Não tenho opinião / Não sei;Não tenho opinião / Não sei;Não tenho opinião / Não sei;Não tenho opinião / Não sei;;;Não tenho opinião / Não sei;Não tenho opinião / Não sei;Não tenho opinião / Não sei;Não tenho opinião / Não sei;Não tenho opinião / Não sei;Não tenho opinião / Não sei;Não tenho opinião / Não sei;Não tenho opinião / Não sei;Não tenho opinião / Não sei;Não tenho opinião / Não sei;Não tenho opinião / Não sei;Não tenho opinião / Não sei;;;Não tenho opinião / Não sei;Não tenho opinião / Não sei;Não tenho opinião / Não sei;Não tenho opinião / Não sei;Não tenho opinião / Não sei;Não tenho opinião / Não sei;Não tenho opinião / Não sei;Não tenho opinião / Não sei;Não tenho opinião / Não sei;Não tenho opinião / Não sei;Não tenho opinião / Não sei;Não tenho opinião / Não sei;Não tenho opinião / Não sei;;;Não tenho opinião / Não sei;Não tenho opinião / Não sei;Não tenho opinião / Não sei;Não tenho opinião / Não sei;Não tenho opinião / Não sei;Não tenho opinião / Não sei;Não tenho opinião / Não sei;Não tenho opinião / Não sei;Não tenho opinião / Não sei;Não tenho opinião / Não sei;Não tenho opinião / Não sei;Não tenho opinião / Não sei;Não tenho opinião / Não sei;Não tenho opinião / Não sei;Não tenho opinião / Não sei;;;Não tenho opinião / Não sei;Não tenho opinião / Não sei;Não tenho opinião / Não sei;Não tenho opinião / Não sei;Não tenho opinião / Não sei;Não tenho opinião / Não sei;Não tenho opinião / Não sei;Não tenho opinião / Não sei;Não tenho opinião / Não sei;Não tenho opinião / Não sei;Não tenho opinião / Não sei;Não tenho opinião / Não sei;Não tenho opinião / Não sei;Não tenho opinião / Não sei;Não tenho opinião / Não sei;;;Não tenho opinião / Não sei;Não tenho opinião / Não sei;Não tenho opinião / Não sei;Não tenho opinião / Não sei;Não tenho opinião / Não sei;Não tenho opinião / Não sei;Não tenho opinião / Não sei;Não tenho opinião / Não sei;Não tenho opinião / Não sei;Não tenho opinião / Não sei;Não tenho opinião / Não sei;Não tenho opinião / Não sei;Não tenho opinião / Não sei;Não tenho opinião / Não sei;Não tenho opinião / Não sei;Não tenho opinião / Não sei;Não tenho opinião / Não sei;;;Não tenho opinião / Não sei;Não tenho opinião / Não sei;Não tenho opinião / Não sei;Não tenho opinião / Não sei;Não tenho opinião / Não sei;Não tenho opinião / Não sei;Não tenho opinião / Não sei;Não tenho opinião / Não sei;Não tenho opinião / Não sei;Não tenho opinião / Não sei;Não tenho opinião / Não sei;Não tenho opinião / Não sei;Não tenho opinião / Não sei;Não tenho opinião / Não sei;Não tenho opinião / Não sei;Não tenho opinião / Não sei;Não tenho opinião / Não sei;Não tenho opinião / Não sei;Não tenho opinião / Não sei;Não tenho opinião / Não sei;;
18;2026-03-03 14:54:07;2026-03-03 15:06:33;0360528@cepel.br;Claudio da Silva Pereira;;Uso atualmente;Uso atualmente;Uso atualmente;"Semi-estruturados / sem esquema rígido (JSON, TOON, XML, parquet, ORC, Avro);Não-estruturados / sem formato definido (textos/docs, logs, áudios, imagens, vídeos, binários);";Uso atualmente;Não preciso / Não se aplica;Uso atualmente;Não tenho opinião / Não sei;Uso atualmente;Não preciso / Não se aplica;Não preciso / Não se aplica;Uso atualmente;Não tenho opinião / Não sei;;"Arquivos de dados (XLS, CSV, JSON, parquet, imagem, ...);Logs de servidores e aplicações;APIs e serviços web;";Não tenho opinião / Não sei;Não tenho opinião / Não sei;Não tenho opinião / Não sei;Já usei;Não tenho opinião / Não sei;Já usei;Não tenho opinião / Não sei;Não tenho opinião / Não sei;Já usei;Não tenho opinião / Não sei;Não tenho opinião / Não sei;Não tenho opinião / Não sei;Não tenho opinião / Não sei;;"RabbitMQ;Apache Kafka;Apache NiFi;";Uso atualmente;Uso atualmente;Uso atualmente;Já usei;Uso atualmente;Não tenho opinião / Não sei;Me interesso em usar;Me interesso em usar;Não tenho opinião / Não sei;Não tenho opinião / Não sei;Uso atualmente;Não tenho opinião / Não sei;;"PostgreSQL;MariaDB;SQLite;";Já usei;Me interesso em usar;Não tenho opinião / Não sei;Não tenho opinião / Não sei;Uso atualmente;Não tenho opinião / Não sei;Não tenho opinião / Não sei;Já usei;Não tenho opinião / Não sei;Não tenho opinião / Não sei;Não tenho opinião / Não sei;Não tenho opinião / Não sei;Não tenho opinião / Não sei;;"Redis;MongoDB;";Já usei;Não tenho opinião / Não sei;Não tenho opinião / Não sei;Já usei;Não tenho opinião / Não sei;Não tenho opinião / Não sei;Não tenho opinião / Não sei;Não tenho opinião / Não sei;Não tenho opinião / Não sei;Não tenho opinião / Não sei;Não tenho opinião / Não sei;Não tenho opinião / Não sei;Não tenho opinião / Não sei;Não tenho opinião / Não sei;Não tenho opinião / Não sei;;"InfluxDB;Elasticsearch;";Não tenho opinião / Não sei;Não tenho opinião / Não sei;Não tenho opinião / Não sei;Não tenho opinião / Não sei;Não tenho opinião / Não sei;Não tenho opinião / Não sei;Não tenho opinião / Não sei;Não tenho opinião / Não sei;Não tenho opinião / Não sei;Não tenho opinião / Não sei;Me interesso em usar;Me interesso em usar;Me interesso em usar;Me interesso em usar;Não tenho opinião / Não sei;;"Redis Vector;Elasticsearch Vector;PostgreSQL pgvector;";Já usei;Não tenho opinião / Não sei;Não tenho opinião / Não sei;Não tenho opinião / Não sei;Não tenho opinião / Não sei;Não tenho opinião / Não sei;Me interesso em usar;Não tenho opinião / Não sei;Não tenho opinião / Não sei;Não tenho opinião / Não sei;Não tenho opinião / Não sei;Não tenho opinião / Não sei;Já usei;Não tenho opinião / Não sei;Não tenho opinião / Não sei;Não tenho opinião / Não sei;Não tenho opinião / Não sei;;"Apache Spark;Pandas;";Não tenho opinião / Não sei;Não tenho opinião / Não sei;Não tenho opinião / Não sei;Não tenho opinião / Não sei;Não tenho opinião / Não sei;Não tenho opinião / Não sei;Não tenho opinião / Não sei;Não tenho opinião / Não sei;Já usei;Já usei;Não tenho opinião / Não sei;Não tenho opinião / Não sei;Não tenho opinião / Não sei;Não tenho opinião / Não sei;Não tenho opinião / Não sei;Me interesso em usar;Não tenho opinião / Não sei;Não tenho opinião / Não sei;Não tenho opinião / Não sei;Não tenho opinião / Não sei;;"Tableau;PowerBI;"
19;2026-03-03 16:09:08;2026-03-03 16:50:26;0360513@cepel.br;Alan Franco Rosa;;Uso atualmente;Uso atualmente;Uso atualmente;"Estruturados / tabulares (CSV, planilhas, dataframes, SQL dumps);Não-estruturados / sem formato definido (textos/docs, logs, áudios, imagens, vídeos, binários);";Uso atualmente;Não preciso / Não se aplica;Uso atualmente;Uso atualmente;Uso atualmente;Não tenho opinião / Não sei;Me interesso em usar;Uso atualmente;Já usei;OPC -UA, Node-RED, Telegraf;"Arquivos de dados (XLS, CSV, JSON, parquet, imagem, ...);Dados de sensores IoT;APIs e serviços web;";Me interesso em usar;Me interesso em usar;Não preciso / Não se aplica;Me interesso em usar;Não preciso / Não se aplica;Já usei;Não preciso / Não se aplica;Me interesso em usar;Já usei;Não preciso / Não se aplica;Me interesso em usar;Me interesso em usar;Não tenho opinião / Não sei;;"Apache Kafka;Apache NiFi;Confluent;";Uso atualmente;Já usei;Já usei;Já usei;Uso atualmente;Me interesso em usar;Já usei;Não tenho opinião / Não sei;Me interesso em usar;Me interesso em usar;Não tenho opinião / Não sei;Não tenho opinião / Não sei;;"PostgreSQL;CockroachDB;SQL Server;";Já usei;Não tenho opinião / Não sei;Não tenho opinião / Não sei;Não tenho opinião / Não sei;Uso atualmente;Não tenho opinião / Não sei;Não tenho opinião / Não sei;Me interesso em usar;Me interesso em usar;Me interesso em usar;Não tenho opinião / Não sei;Não tenho opinião / Não sei;Não tenho opinião / Não sei;;"Redis;ScyllaDB;Neo4j;";Já usei;Já usei;Não tenho opinião / Não sei;Uso atualmente;Não tenho opinião / Não sei;Já usei;Já usei;Já usei;Não tenho opinião / Não sei;Me interesso em usar;Não tenho opinião / Não sei;Não tenho opinião / Não sei;Não tenho opinião / Não sei;Não tenho opinião / Não sei;Não tenho opinião / Não sei;;"InfluxDB;ClickHouse;Timescale;";Me interesso em usar;Me interesso em usar;Não tenho opinião / Não sei;Me interesso em usar;Me interesso em usar;Não tenho opinião / Não sei;Não tenho opinião / Não sei;Não tenho opinião / Não sei;Não tenho opinião / Não sei;Não tenho opinião / Não sei;Me interesso em usar;Não tenho opinião / Não sei;Não tenho opinião / Não sei;Me interesso em usar;Não tenho opinião / Não sei;;"PostgreSQL pgvector;Milvus;Redis Vector;";Já usei;Me interesso em usar;Me interesso em usar;Não tenho opinião / Não sei;Não tenho opinião / Não sei;Não tenho opinião / Não sei;Já usei;Uso atualmente;Me interesso em usar;Não tenho opinião / Não sei;Uso atualmente;Já usei;Uso atualmente;Me interesso em usar;Não tenho opinião / Não sei;Não tenho opinião / Não sei;Não tenho opinião / Não sei;;"Apache Spark;Apache Flink;dbt;";Me interesso em usar;Não tenho opinião / Não sei;Não tenho opinião / Não sei;Me interesso em usar;Não tenho opinião / Não sei;Não tenho opinião / Não sei;Me interesso em usar;Já usei;Já usei;Já usei;Não tenho opinião / Não sei;Já usei;Uso atualmente;Já usei;Já usei;Uso atualmente;Não tenho opinião / Não sei;Não tenho opinião / Não sei;Não tenho opinião / Não sei;Não tenho opinião / Não sei;;"PowerBI;Trino;Streamlit;"
20;2026-03-04 10:50:35;2026-03-04 11:01:44;0360529@cepel.br;Fábio Lares dos Santos;;Uso atualmente;Uso atualmente;Já usei;"Semi-estruturados / sem esquema rígido (JSON, TOON, XML, parquet, ORC, Avro);Estruturados / tabulares (CSV, planilhas, dataframes, SQL dumps);";Uso atualmente;Não preciso / Não se aplica;Uso atualmente;Não preciso / Não se aplica;Uso atualmente;Não preciso / Não se aplica;Não preciso / Não se aplica;Uso atualmente;Não preciso / Não se aplica;;"Arquivos de dados (XLS, CSV, JSON, parquet, imagem, ...);APIs e serviços web;Bancos de dados SQL e NoSQL;";Não tenho opinião / Não sei;Não tenho opinião / Não sei;Não tenho opinião / Não sei;Não tenho opinião / Não sei;Não tenho opinião / Não sei;Não tenho opinião / Não sei;Não tenho opinião / Não sei;Não tenho opinião / Não sei;Não tenho opinião / Não sei;Não tenho opinião / Não sei;Não tenho opinião / Não sei;Não tenho opinião / Não sei;Não tenho opinião / Não sei;;;Não preciso / Não se aplica;Já usei;Não preciso / Não se aplica;Já usei;Uso atualmente;Não preciso / Não se aplica;Já usei;Não preciso / Não se aplica;Não preciso / Não se aplica;Não preciso / Não se aplica;Já usei;Não preciso / Não se aplica;;"PostgreSQL;";Não preciso / Não se aplica;Não preciso / Não se aplica;Não preciso / Não se aplica;Não preciso / Não se aplica;Não preciso / Não se aplica;Não preciso / Não se aplica;Já usei;Não preciso / Não se aplica;Não preciso / Não se aplica;Não preciso / Não se aplica;Não preciso / Não se aplica;Não preciso / Não se aplica;Não preciso / Não se aplica;;;Não tenho opinião / Não sei;Não tenho opinião / Não sei;Não tenho opinião / Não sei;Não tenho opinião / Não sei;Não tenho opinião / Não sei;Não tenho opinião / Não sei;Não tenho opinião / Não sei;Não tenho opinião / Não sei;Não tenho opinião / Não sei;Não tenho opinião / Não sei;Não tenho opinião / Não sei;Não tenho opinião / Não sei;Não tenho opinião / Não sei;Não tenho opinião / Não sei;Não preciso / Não se aplica;;;Não tenho opinião / Não sei;Não tenho opinião / Não sei;Não tenho opinião / Não sei;Não tenho opinião / Não sei;Não tenho opinião / Não sei;Não tenho opinião / Não sei;Não tenho opinião / Não sei;Não tenho opinião / Não sei;Não tenho opinião / Não sei;Não tenho opinião / Não sei;Não tenho opinião / Não sei;Não tenho opinião / Não sei;Não tenho opinião / Não sei;Não tenho opinião / Não sei;Não preciso / Não se aplica;;;Já usei;Não tenho opinião / Não sei;Não tenho opinião / Não sei;Não tenho opinião / Não sei;Não tenho opinião / Não sei;Não tenho opinião / Não sei;Não tenho opinião / Não sei;Não tenho opinião / Não sei;Não tenho opinião / Não sei;Não tenho opinião / Não sei;Não tenho opinião / Não sei;Não tenho opinião / Não sei;Já usei;Não tenho opinião / Não sei;Não tenho opinião / Não sei;Não tenho opinião / Não sei;Não preciso / Não se aplica;;;Não tenho opinião / Não sei;Não tenho opinião / Não sei;Não tenho opinião / Não sei;Não tenho opinião / Não sei;Não tenho opinião / Não sei;Não tenho opinião / Não sei;Não tenho opinião / Não sei;Não tenho opinião / Não sei;Me interesso em usar;Não tenho opinião / Não sei;Não tenho opinião / Não sei;Não tenho opinião / Não sei;Não tenho opinião / Não sei;Não tenho opinião / Não sei;Não tenho opinião / Não sei;Não tenho opinião / Não sei;Não tenho opinião / Não sei;Não tenho opinião / Não sei;Não tenho opinião / Não sei;Não preciso / Não se aplica;;
21;2026-03-04 11:44:34;2026-03-04 11:54:35;0361773@cepel.br;Andre Rodrigues;;Uso atualmente;Já usei;Já usei;"Estruturados / tabulares (CSV, planilhas, dataframes, SQL dumps);Semi-estruturados / sem esquema rígido (JSON, TOON, XML, parquet, ORC, Avro);";Uso atualmente;Uso atualmente;Uso atualmente;Uso atualmente;Uso atualmente;Me interesso em usar;Uso atualmente;Uso atualmente;Já usei;;"Arquivos de dados (XLS, CSV, JSON, parquet, imagem, ...);Sistemas corporativos (ERP, CRM, ...);Bancos de dados SQL e NoSQL;";Uso atualmente;Não tenho opinião / Não sei;Não tenho opinião / Não sei;Não tenho opinião / Não sei;Não tenho opinião / Não sei;Não tenho opinião / Não sei;Não tenho opinião / Não sei;Não tenho opinião / Não sei;Não tenho opinião / Não sei;Não tenho opinião / Não sei;Não tenho opinião / Não sei;Uso atualmente;Uso atualmente;GCP;"Outro;Airbyte;dlt;";Já usei;Já usei;Não tenho opinião / Não sei;Já usei;Uso atualmente;Não tenho opinião / Não sei;Já usei;Não tenho opinião / Não sei;Não tenho opinião / Não sei;Não tenho opinião / Não sei;Não tenho opinião / Não sei;Já usei;BigQuery;"SQL Server;PostgreSQL;Outro;";Já usei;Não tenho opinião / Não sei;Não tenho opinião / Não sei;Não tenho opinião / Não sei;Não tenho opinião / Não sei;Não tenho opinião / Não sei;Não tenho opinião / Não sei;Não tenho opinião / Não sei;Não tenho opinião / Não sei;Não tenho opinião / Não sei;Não tenho opinião / Não sei;Não tenho opinião / Não sei;Não tenho opinião / Não sei;;;Não tenho opinião / Não sei;Não tenho opinião / Não sei;Não tenho opinião / Não sei;Não tenho opinião / Não sei;Não tenho opinião / Não sei;Não tenho opinião / Não sei;Não tenho opinião / Não sei;Não tenho opinião / Não sei;Não tenho opinião / Não sei;Não tenho opinião / Não sei;Não tenho opinião / Não sei;Não tenho opinião / Não sei;Não tenho opinião / Não sei;Não tenho opinião / Não sei;Não tenho opinião / Não sei;;;Não tenho opinião / Não sei;Não tenho opinião / Não sei;Não tenho opinião / Não sei;Não tenho opinião / Não sei;Não tenho opinião / Não sei;Não tenho opinião / Não sei;Não tenho opinião / Não sei;Não tenho opinião / Não sei;Não tenho opinião / Não sei;Não tenho opinião / Não sei;Não tenho opinião / Não sei;Não tenho opinião / Não sei;Não tenho opinião / Não sei;Não tenho opinião / Não sei;Não tenho opinião / Não sei;;;Já usei;Não tenho opinião / Não sei;Não tenho opinião / Não sei;Não tenho opinião / Não sei;Não tenho opinião / Não sei;Não tenho opinião / Não sei;Não tenho opinião / Não sei;Não tenho opinião / Não sei;Não tenho opinião / Não sei;Não tenho opinião / Não sei;Não tenho opinião / Não sei;Não tenho opinião / Não sei;Não tenho opinião / Não sei;Não tenho opinião / Não sei;Não tenho opinião / Não sei;Não tenho opinião / Não sei;Não tenho opinião / Não sei;GCP, Hana e Informatica;;Não tenho opinião / Não sei;Não tenho opinião / Não sei;Não tenho opinião / Não sei;Não tenho opinião / Não sei;Não tenho opinião / Não sei;Não tenho opinião / Não sei;Não tenho opinião / Não sei;Não tenho opinião / Não sei;Uso atualmente;Já usei;Já usei;Uso atualmente;Não tenho opinião / Não sei;Não tenho opinião / Não sei;Não tenho opinião / Não sei;Não tenho opinião / Não sei;Não tenho opinião / Não sei;Não tenho opinião / Não sei;Não tenho opinião / Não sei;Não tenho opinião / Não sei;;"Looker;PowerBI;"
22;2026-03-04 14:25:46;2026-03-04 15:49:38;0360156@cepel.br;Daniel Guimaraes Da Mota;;Uso atualmente;Já usei;Já usei;"Estruturados / tabulares (CSV, planilhas, dataframes, SQL dumps);Semi-estruturados / sem esquema rígido (JSON, TOON, XML, parquet, ORC, Avro);";Uso atualmente;Já usei;Uso atualmente;Já usei;Já usei;Já usei;Não tenho opinião / Não sei;Uso atualmente;Não preciso / Não se aplica;;"APIs e serviços web;Arquivos de dados (XLS, CSV, JSON, parquet, imagem, ...);Bancos de dados SQL e NoSQL;";Não tenho opinião / Não sei;Não tenho opinião / Não sei;Não tenho opinião / Não sei;Não tenho opinião / Não sei;Não tenho opinião / Não sei;Não tenho opinião / Não sei;Não tenho opinião / Não sei;Não tenho opinião / Não sei;Não tenho opinião / Não sei;Não tenho opinião / Não sei;Não tenho opinião / Não sei;Não tenho opinião / Não sei;Não tenho opinião / Não sei;;"Outro;";Já usei;Já usei;Já usei;Já usei;Já usei;Não tenho opinião / Não sei;Não tenho opinião / Não sei;Não tenho opinião / Não sei;Não tenho opinião / Não sei;Não tenho opinião / Não sei;Não tenho opinião / Não sei;Não tenho opinião / Não sei;;"MariaDB;SQL Server;PostgreSQL;";Já usei;Não tenho opinião / Não sei;Não tenho opinião / Não sei;Não tenho opinião / Não sei;Não tenho opinião / Não sei;Não tenho opinião / Não sei;Não tenho opinião / Não sei;Não tenho opinião / Não sei;Não tenho opinião / Não sei;Não tenho opinião / Não sei;Não tenho opinião / Não sei;Não tenho opinião / Não sei;Não tenho opinião / Não sei;;"MongoDB;";Não tenho opinião / Não sei;Não tenho opinião / Não sei;Não tenho opinião / Não sei;Não tenho opinião / Não sei;Não tenho opinião / Não sei;Não tenho opinião / Não sei;Não tenho opinião / Não sei;Não tenho opinião / Não sei;Não tenho opinião / Não sei;Não tenho opinião / Não sei;Não tenho opinião / Não sei;Não tenho opinião / Não sei;Não tenho opinião / Não sei;Não tenho opinião / Não sei;Não tenho opinião / Não sei;;;Não tenho opinião / Não sei;Não tenho opinião / Não sei;Não tenho opinião / Não sei;Não tenho opinião / Não sei;Não tenho opinião / Não sei;Não tenho opinião / Não sei;Não tenho opinião / Não sei;Não tenho opinião / Não sei;Não tenho opinião / Não sei;Não tenho opinião / Não sei;Não tenho opinião / Não sei;Não tenho opinião / Não sei;Não tenho opinião / Não sei;Não tenho opinião / Não sei;Não tenho opinião / Não sei;;;Não tenho opinião / Não sei;Não tenho opinião / Não sei;Não tenho opinião / Não sei;Não tenho opinião / Não sei;Não tenho opinião / Não sei;Não tenho opinião / Não sei;Me interesso em usar;Não tenho opinião / Não sei;Não tenho opinião / Não sei;Não tenho opinião / Não sei;Não tenho opinião / Não sei;Não tenho opinião / Não sei;Me interesso em usar;Não tenho opinião / Não sei;Não tenho opinião / Não sei;Não tenho opinião / Não sei;Não tenho opinião / Não sei;;"PySpark;";Não tenho opinião / Não sei;Não tenho opinião / Não sei;Não tenho opinião / Não sei;Não tenho opinião / Não sei;Não tenho opinião / Não sei;Não tenho opinião / Não sei;Não tenho opinião / Não sei;Não tenho opinião / Não sei;Já usei;Não tenho opinião / Não sei;Não tenho opinião / Não sei;Não tenho opinião / Não sei;Não tenho opinião / Não sei;Não tenho opinião / Não sei;Não tenho opinião / Não sei;Não tenho opinião / Não sei;Não tenho opinião / Não sei;Não tenho opinião / Não sei;Não tenho opinião / Não sei;Não tenho opinião / Não sei;;"PowerBI;"
23;2026-03-05 15:07:01;2026-03-05 15:33:21;0361970@cepel.br;Luis Sa;;Uso atualmente;Uso atualmente;Não preciso / Não se aplica;"Semi-estruturados / sem esquema rígido (JSON, TOON, XML, parquet, ORC, Avro);Estruturados / tabulares (CSV, planilhas, dataframes, SQL dumps);";Uso atualmente;Não tenho opinião / Não sei;Uso atualmente;Me interesso em usar;Uso atualmente;Me interesso em usar;Já usei;Uso atualmente;Não tenho opinião / Não sei;;"Arquivos de dados (XLS, CSV, JSON, parquet, imagem, ...);APIs e serviços web;Logs de servidores e aplicações;";Me interesso em usar;Não tenho opinião / Não sei;Não tenho opinião / Não sei;Me interesso em usar;Me interesso em usar;Me interesso em usar;Não preciso / Não se aplica;Não tenho opinião / Não sei;Me interesso em usar;Não tenho opinião / Não sei;Não tenho opinião / Não sei;Não tenho opinião / Não sei;Não tenho opinião / Não sei;;"Apache Kafka;Apache NiFi;Airbyte;";Já usei;Já usei;Me interesso em usar;Não preciso / Não se aplica;Uso atualmente;Não tenho opinião / Não sei;Me interesso em usar;Não tenho opinião / Não sei;Não tenho opinião / Não sei;Não tenho opinião / Não sei;Já usei;Não tenho opinião / Não sei;;"PostgreSQL;MariaDB;MySQL;";Já usei;Não tenho opinião / Não sei;Não tenho opinião / Não sei;Não tenho opinião / Não sei;Já usei;Não tenho opinião / Não sei;Não tenho opinião / Não sei;Me interesso em usar;Não tenho opinião / Não sei;Me interesso em usar;Não tenho opinião / Não sei;Não tenho opinião / Não sei;Não tenho opinião / Não sei;;"Redis;Neo4j;MongoDB;";Me interesso em usar;Não tenho opinião / Não sei;Me interesso em usar;Não tenho opinião / Não sei;Não tenho opinião / Não sei;Não tenho opinião / Não sei;Não tenho opinião / Não sei;Não tenho opinião / Não sei;Não tenho opinião / Não sei;Não tenho opinião / Não sei;Não tenho opinião / Não sei;Não tenho opinião / Não sei;Não tenho opinião / Não sei;Não tenho opinião / Não sei;Não tenho opinião / Não sei;;"Elasticsearch;OpenSearch;";Não tenho opinião / Não sei;Me interesso em usar;Me interesso em usar;Não tenho opinião / Não sei;Me interesso em usar;Não tenho opinião / Não sei;Não tenho opinião / Não sei;Não tenho opinião / Não sei;Não tenho opinião / Não sei;Não tenho opinião / Não sei;Me interesso em usar;Não tenho opinião / Não sei;Me interesso em usar;Me interesso em usar;Não tenho opinião / Não sei;;"PostgreSQL pgvector;Qdrant;Weaviate;";Me interesso em usar;Não tenho opinião / Não sei;Me interesso em usar;Não tenho opinião / Não sei;Não tenho opinião / Não sei;Não tenho opinião / Não sei;Não tenho opinião / Não sei;Não tenho opinião / Não sei;Não tenho opinião / Não sei;Não tenho opinião / Não sei;Não tenho opinião / Não sei;Me interesso em usar;Me interesso em usar;Me interesso em usar;Não tenho opinião / Não sei;Não tenho opinião / Não sei;Não tenho opinião / Não sei;;"Apache Spark;dbt;DuckDB;";Me interesso em usar;Não tenho opinião / Não sei;Me interesso em usar;Não tenho opinião / Não sei;Não tenho opinião / Não sei;Não tenho opinião / Não sei;Me interesso em usar;Me interesso em usar;Não tenho opinião / Não sei;Não tenho opinião / Não sei;Não tenho opinião / Não sei;Não tenho opinião / Não sei;Me interesso em usar;Não tenho opinião / Não sei;Não tenho opinião / Não sei;Me interesso em usar;Não tenho opinião / Não sei;Não tenho opinião / Não sei;Não tenho opinião / Não sei;Não tenho opinião / Não sei;;"Trino;Apache Superset;"
24;2026-03-06 11:29:58;2026-03-06 11:55:36;0360704@cepel.br;Raul Procópio Mota;;Já usei;Uso atualmente;Me interesso em usar;"Estruturados / tabulares (CSV, planilhas, dataframes, SQL dumps);Semi-estruturados / sem esquema rígido (JSON, TOON, XML, parquet, ORC, Avro);";Uso atualmente;Não tenho opinião / Não sei;Já usei;Me interesso em usar;Me interesso em usar;Não tenho opinião / Não sei;Me interesso em usar;Me interesso em usar;Não tenho opinião / Não sei;;"Arquivos de dados (XLS, CSV, JSON, parquet, imagem, ...);APIs e serviços web;Bancos de dados SQL e NoSQL;";Não tenho opinião / Não sei;Não tenho opinião / Não sei;Não tenho opinião / Não sei;Não tenho opinião / Não sei;Não tenho opinião / Não sei;Me interesso em usar;Não tenho opinião / Não sei;Não tenho opinião / Não sei;Não tenho opinião / Não sei;Não tenho opinião / Não sei;Não tenho opinião / Não sei;Não tenho opinião / Não sei;Não tenho opinião / Não sei;;"Apache Kafka;";Já usei;Me interesso em usar;Não tenho opinião / Não sei;Me interesso em usar;Uso atualmente;Não tenho opinião / Não sei;Não tenho opinião / Não sei;Não tenho opinião / Não sei;Não tenho opinião / Não sei;Não tenho opinião / Não sei;Não tenho opinião / Não sei;Não tenho opinião / Não sei;;"PostgreSQL;MySQL;SQL Server;";Me interesso em usar;Não tenho opinião / Não sei;Não tenho opinião / Não sei;Não tenho opinião / Não sei;Não tenho opinião / Não sei;Não tenho opinião / Não sei;Não tenho opinião / Não sei;Me interesso em usar;Não tenho opinião / Não sei;Não tenho opinião / Não sei;Não tenho opinião / Não sei;Não tenho opinião / Não sei;Não tenho opinião / Não sei;;"MongoDB;Apache Cassandra;";Já usei;Não tenho opinião / Não sei;Não tenho opinião / Não sei;Não tenho opinião / Não sei;Não tenho opinião / Não sei;Me interesso em usar;Não tenho opinião / Não sei;Não tenho opinião / Não sei;Não tenho opinião / Não sei;Não tenho opinião / Não sei;Não tenho opinião / Não sei;Não tenho opinião / Não sei;Não tenho opinião / Não sei;Não tenho opinião / Não sei;Não tenho opinião / Não sei;;"Elasticsearch;QuestDB;";Não tenho opinião / Não sei;Não tenho opinião / Não sei;Não tenho opinião / Não sei;Não tenho opinião / Não sei;Não tenho opinião / Não sei;Não tenho opinião / Não sei;Não tenho opinião / Não sei;Não tenho opinião / Não sei;Não tenho opinião / Não sei;Não tenho opinião / Não sei;Não tenho opinião / Não sei;Não tenho opinião / Não sei;Não tenho opinião / Não sei;Não tenho opinião / Não sei;Não tenho opinião / Não sei;;;Não tenho opinião / Não sei;Não tenho opinião / Não sei;Não tenho opinião / Não sei;Não tenho opinião / Não sei;Não tenho opinião / Não sei;Não tenho opinião / Não sei;Não tenho opinião / Não sei;Não tenho opinião / Não sei;Não tenho opinião / Não sei;Não tenho opinião / Não sei;Não tenho opinião / Não sei;Não tenho opinião / Não sei;Já usei;Não tenho opinião / Não sei;Não tenho opinião / Não sei;Não tenho opinião / Não sei;Não tenho opinião / Não sei;;"Pandas;";Não tenho opinião / Não sei;Não tenho opinião / Não sei;Não tenho opinião / Não sei;Não tenho opinião / Não sei;Não tenho opinião / Não sei;Não tenho opinião / Não sei;Não tenho opinião / Não sei;Não tenho opinião / Não sei;Me interesso em usar;Não tenho opinião / Não sei;Não tenho opinião / Não sei;Não tenho opinião / Não sei;Não tenho opinião / Não sei;Não tenho opinião / Não sei;Não tenho opinião / Não sei;Não tenho opinião / Não sei;Não tenho opinião / Não sei;Não tenho opinião / Não sei;Não tenho opinião / Não sei;Não tenho opinião / Não sei;;"PowerBI;"
25;2026-03-06 18:18:52;2026-03-06 18:31:05;0361500@cepel.br;Miguel Costa;;Me interesso em usar;Uso atualmente;Já usei;"Estruturados / tabulares (CSV, planilhas, dataframes, SQL dumps);Semi-estruturados / sem esquema rígido (JSON, TOON, XML, parquet, ORC, Avro);";Uso atualmente;Me interesso em usar;Uso atualmente;Me interesso em usar;Me interesso em usar;Não tenho opinião / Não sei;Uso atualmente;Uso atualmente;Não preciso / Não se aplica;;"Arquivos de dados (XLS, CSV, JSON, parquet, imagem, ...);APIs e serviços web;Bancos de dados SQL e NoSQL;";Não tenho opinião / Não sei;Não tenho opinião / Não sei;Não tenho opinião / Não sei;Não tenho opinião / Não sei;Me interesso em usar;Me interesso em usar;Me interesso em usar;Não tenho opinião / Não sei;Me interesso em usar;Me interesso em usar;Não tenho opinião / Não sei;Não tenho opinião / Não sei;Não preciso / Não se aplica;;"RabbitMQ;Apache Kafka;";Já usei;Já usei;Já usei;Me interesso em usar;Uso atualmente;Não tenho opinião / Não sei;Me interesso em usar;Não tenho opinião / Não sei;Não tenho opinião / Não sei;Não tenho opinião / Não sei;Já usei;Não preciso / Não se aplica;;"PostgreSQL;MySQL;";Já usei;Me interesso em usar;Não tenho opinião / Não sei;Me interesso em usar;Já usei;Não tenho opinião / Não sei;Não tenho opinião / Não sei;Me interesso em usar;Não tenho opinião / Não sei;Não tenho opinião / Não sei;Não tenho opinião / Não sei;Não tenho opinião / Não sei;Não preciso / Não se aplica;;"MongoDB;Redis;";Não tenho opinião / Não sei;Não tenho opinião / Não sei;Não tenho opinião / Não sei;Não tenho opinião / Não sei;Não tenho opinião / Não sei;Não tenho opinião / Não sei;Não tenho opinião / Não sei;Me interesso em usar;Não tenho opinião / Não sei;Não tenho opinião / Não sei;Não tenho opinião / Não sei;Não tenho opinião / Não sei;Não tenho opinião / Não sei;Não tenho opinião / Não sei;Não preciso / Não se aplica;;;Não tenho opinião / Não sei;Não tenho opinião / Não sei;Não tenho opinião / Não sei;Não tenho opinião / Não sei;Não tenho opinião / Não sei;Não tenho opinião / Não sei;Não tenho opinião / Não sei;Não tenho opinião / Não sei;Não tenho opinião / Não sei;Não tenho opinião / Não sei;Não tenho opinião / Não sei;Não tenho opinião / Não sei;Não tenho opinião / Não sei;Não tenho opinião / Não sei;Não preciso / Não se aplica;;;Não tenho opinião / Não sei;Não tenho opinião / Não sei;Não tenho opinião / Não sei;Não tenho opinião / Não sei;Não tenho opinião / Não sei;Não tenho opinião / Não sei;Não tenho opinião / Não sei;Não tenho opinião / Não sei;Não tenho opinião / Não sei;Não tenho opinião / Não sei;Não tenho opinião / Não sei;Me interesso em usar;Me interesso em usar;Não tenho opinião / Não sei;Não tenho opinião / Não sei;Não tenho opinião / Não sei;Não preciso / Não se aplica;;;Não tenho opinião / Não sei;Não tenho opinião / Não sei;Não tenho opinião / Não sei;Não tenho opinião / Não sei;Não tenho opinião / Não sei;Não tenho opinião / Não sei;Não tenho opinião / Não sei;Não tenho opinião / Não sei;Me interesso em usar;Não tenho opinião / Não sei;Não tenho opinião / Não sei;Não tenho opinião / Não sei;Não tenho opinião / Não sei;Não tenho opinião / Não sei;Não tenho opinião / Não sei;Não tenho opinião / Não sei;Não tenho opinião / Não sei;Não tenho opinião / Não sei;Não tenho opinião / Não sei;Não preciso / Não se aplica;;
26;2026-03-06 19:37:45;2026-03-06 19:45:27;arthurlr@cepel.br;Arthur Linhares Esteves dos Reis;;Uso atualmente;Uso atualmente;Me interesso em usar;"Estruturados / tabulares (CSV, planilhas, dataframes, SQL dumps);Semi-estruturados / sem esquema rígido (JSON, TOON, XML, parquet, ORC, Avro);";Uso atualmente;Uso atualmente;Uso atualmente;Me interesso em usar;Uso atualmente;Me interesso em usar;Uso atualmente;Uso atualmente;Não preciso / Não se aplica;;"Arquivos de dados (XLS, CSV, JSON, parquet, imagem, ...);Sistemas corporativos (ERP, CRM, ...);Bancos de dados SQL e NoSQL;";Não tenho opinião / Não sei;Não tenho opinião / Não sei;Não tenho opinião / Não sei;Não tenho opinião / Não sei;Não tenho opinião / Não sei;Já usei;Não tenho opinião / Não sei;Não tenho opinião / Não sei;Me interesso em usar;Me interesso em usar;Não tenho opinião / Não sei;Não tenho opinião / Não sei;Não tenho opinião / Não sei;;"Apache Kafka;RabbitMQ;";Já usei;Já usei;Não tenho opinião / Não sei;Já usei;Uso atualmente;Não tenho opinião / Não sei;Não tenho opinião / Não sei;Não tenho opinião / Não sei;Não tenho opinião / Não sei;Não tenho opinião / Não sei;Não tenho opinião / Não sei;Não tenho opinião / Não sei;;"PostgreSQL;";Já usei;Não tenho opinião / Não sei;Não tenho opinião / Não sei;Não tenho opinião / Não sei;Não tenho opinião / Não sei;Não tenho opinião / Não sei;Não tenho opinião / Não sei;Não tenho opinião / Não sei;Não tenho opinião / Não sei;Não tenho opinião / Não sei;Não tenho opinião / Não sei;Não tenho opinião / Não sei;Não tenho opinião / Não sei;;;Não tenho opinião / Não sei;Não tenho opinião / Não sei;Não tenho opinião / Não sei;Me interesso em usar;Não tenho opinião / Não sei;Me interesso em usar;Não tenho opinião / Não sei;Não tenho opinião / Não sei;Não tenho opinião / Não sei;Não tenho opinião / Não sei;Não tenho opinião / Não sei;Não tenho opinião / Não sei;Não tenho opinião / Não sei;Não tenho opinião / Não sei;Não tenho opinião / Não sei;;"QuestDB;";Não tenho opinião / Não sei;Não tenho opinião / Não sei;Não tenho opinião / Não sei;Não tenho opinião / Não sei;Não tenho opinião / Não sei;Não tenho opinião / Não sei;Não tenho opinião / Não sei;Não tenho opinião / Não sei;Não tenho opinião / Não sei;Não tenho opinião / Não sei;Não tenho opinião / Não sei;Não tenho opinião / Não sei;Não tenho opinião / Não sei;Não tenho opinião / Não sei;Não tenho opinião / Não sei;;;Não tenho opinião / Não sei;Não tenho opinião / Não sei;Não tenho opinião / Não sei;Não tenho opinião / Não sei;Não tenho opinião / Não sei;Não tenho opinião / Não sei;Já usei;Não tenho opinião / Não sei;Não tenho opinião / Não sei;Não tenho opinião / Não sei;Não tenho opinião / Não sei;Não tenho opinião / Não sei;Já usei;Não tenho opinião / Não sei;Não tenho opinião / Não sei;Não tenho opinião / Não sei;Não tenho opinião / Não sei;;;Não tenho opinião / Não sei;Não tenho opinião / Não sei;Não tenho opinião / Não sei;Não tenho opinião / Não sei;Não tenho opinião / Não sei;Não tenho opinião / Não sei;Não tenho opinião / Não sei;Não tenho opinião / Não sei;Me interesso em usar;Não tenho opinião / Não sei;Não tenho opinião / Não sei;Me interesso em usar;Não tenho opinião / Não sei;Não tenho opinião / Não sei;Não tenho opinião / Não sei;Não tenho opinião / Não sei;Não tenho opinião / Não sei;Não tenho opinião / Não sei;Não tenho opinião / Não sei;Não tenho opinião / Não sei;;"PowerBI;Looker;"
27;2026-03-09 10:18:49;2026-03-09 10:33:50;0360516@cepel.br;João Antônio Guedes Archetti;;Uso atualmente;Uso atualmente;Não tenho opinião / Não sei;"Estruturados / tabulares (CSV, planilhas, dataframes, SQL dumps);Semi-estruturados / sem esquema rígido (JSON, TOON, XML, parquet, ORC, Avro);";Uso atualmente;Não tenho opinião / Não sei;Me interesso em usar;Me interesso em usar;Me interesso em usar;Não tenho opinião / Não sei;Não tenho opinião / Não sei;Uso atualmente;Não tenho opinião / Não sei;;"Arquivos de dados (XLS, CSV, JSON, parquet, imagem, ...);APIs e serviços web;Bancos de dados SQL e NoSQL;";Não tenho opinião / Não sei;Não tenho opinião / Não sei;Não tenho opinião / Não sei;Não tenho opinião / Não sei;Não tenho opinião / Não sei;Me interesso em usar;Não tenho opinião / Não sei;Não tenho opinião / Não sei;Não tenho opinião / Não sei;Não tenho opinião / Não sei;Não tenho opinião / Não sei;Não tenho opinião / Não sei;Não tenho opinião / Não sei;;"Apache Kafka;";Não tenho opinião / Não sei;Já usei;Não tenho opinião / Não sei;Me interesso em usar;Uso atualmente;Não tenho opinião / Não sei;Não tenho opinião / Não sei;Não tenho opinião / Não sei;Não tenho opinião / Não sei;Não tenho opinião / Não sei;Não tenho opinião / Não sei;Não tenho opinião / Não sei;;"PostgreSQL;MySQL;SQL Server;";Me interesso em usar;Não tenho opinião / Não sei;Não tenho opinião / Não sei;Não tenho opinião / Não sei;Não tenho opinião / Não sei;Não tenho opinião / Não sei;Não tenho opinião / Não sei;Não tenho opinião / Não sei;Não tenho opinião / Não sei;Não tenho opinião / Não sei;Não tenho opinião / Não sei;Não tenho opinião / Não sei;Não tenho opinião / Não sei;;"MongoDB;";Não tenho opinião / Não sei;Não tenho opinião / Não sei;Não tenho opinião / Não sei;Não tenho opinião / Não sei;Não tenho opinião / Não sei;Me interesso em usar;Não tenho opinião / Não sei;Não tenho opinião / Não sei;Não tenho opinião / Não sei;Não tenho opinião / Não sei;Não tenho opinião / Não sei;Não tenho opinião / Não sei;Não tenho opinião / Não sei;Não tenho opinião / Não sei;Não tenho opinião / Não sei;;"QuestDB;";Não tenho opinião / Não sei;Não tenho opinião / Não sei;Não tenho opinião / Não sei;Não tenho opinião / Não sei;Não tenho opinião / Não sei;Não tenho opinião / Não sei;Não tenho opinião / Não sei;Não tenho opinião / Não sei;Não tenho opinião / Não sei;Não tenho opinião / Não sei;Não tenho opinião / Não sei;Não tenho opinião / Não sei;Não tenho opinião / Não sei;Não tenho opinião / Não sei;Não tenho opinião / Não sei;;;Não tenho opinião / Não sei;Não tenho opinião / Não sei;Não tenho opinião / Não sei;Não tenho opinião / Não sei;Não tenho opinião / Não sei;Não tenho opinião / Não sei;Me interesso em usar;Não tenho opinião / Não sei;Não tenho opinião / Não sei;Não tenho opinião / Não sei;Não tenho opinião / Não sei;Não tenho opinião / Não sei;Me interesso em usar;Não tenho opinião / Não sei;Não tenho opinião / Não sei;Não tenho opinião / Não sei;Não tenho opinião / Não sei;;"Pandas;PySpark;";Não tenho opinião / Não sei;Não tenho opinião / Não sei;Não tenho opinião / Não sei;Não tenho opinião / Não sei;Não tenho opinião / Não sei;Não tenho opinião / Não sei;Não tenho opinião / Não sei;Não tenho opinião / Não sei;Me interesso em usar;Não tenho opinião / Não sei;Não tenho opinião / Não sei;Não tenho opinião / Não sei;Não tenho opinião / Não sei;Não tenho opinião / Não sei;Não tenho opinião / Não sei;Não tenho opinião / Não sei;Não tenho opinião / Não sei;Não tenho opinião / Não sei;Não tenho opinião / Não sei;Não tenho opinião / Não sei;;"PowerBI;"
28;2026-03-09 11:01:17;2026-03-09 11:30:03;0361030@cepel.br;Iago Leal de Paula Souza;;Uso atualmente;Uso atualmente;Já usei;"Estruturados / tabulares (CSV, planilhas, dataframes, SQL dumps);Semi-estruturados / sem esquema rígido (JSON, TOON, XML, parquet, ORC, Avro);";Uso atualmente;Não tenho opinião / Não sei;Uso atualmente;Me interesso em usar;Uso atualmente;Não tenho opinião / Não sei;Me interesso em usar;Uso atualmente;Não preciso / Não se aplica;;"Arquivos de dados (XLS, CSV, JSON, parquet, imagem, ...);APIs e serviços web;Dados de sensores IoT;";Me interesso em usar;Não tenho opinião / Não sei;Não tenho opinião / Não sei;Não tenho opinião / Não sei;Me interesso em usar;Me interesso em usar;Não tenho opinião / Não sei;Não tenho opinião / Não sei;Me interesso em usar;Não tenho opinião / Não sei;Me interesso em usar;Me interesso em usar;Não tenho opinião / Não sei;;"Airbyte;RabbitMQ;Redpanda;";Já usei;Não preciso / Não se aplica;Não preciso / Não se aplica;Não preciso / Não se aplica;Uso atualmente;Não preciso / Não se aplica;Não preciso / Não se aplica;Não preciso / Não se aplica;Não preciso / Não se aplica;Não preciso / Não se aplica;Não preciso / Não se aplica;Não tenho opinião / Não sei;;"PostgreSQL;MariaDB;SQLite;";Me interesso em usar;Não tenho opinião / Não sei;Não tenho opinião / Não sei;Me interesso em usar;Me interesso em usar;Não tenho opinião / Não sei;Não tenho opinião / Não sei;Não tenho opinião / Não sei;Não tenho opinião / Não sei;Não tenho opinião / Não sei;Não tenho opinião / Não sei;Não tenho opinião / Não sei;Não tenho opinião / Não sei;;"MongoDB;RavenDB;Redis;";Já usei;Não tenho opinião / Não sei;Não tenho opinião / Não sei;Não tenho opinião / Não sei;Não tenho opinião / Não sei;Não tenho opinião / Não sei;Uso atualmente;Não tenho opinião / Não sei;Não tenho opinião / Não sei;Não tenho opinião / Não sei;Não tenho opinião / Não sei;Não tenho opinião / Não sei;Não tenho opinião / Não sei;Não tenho opinião / Não sei;Não tenho opinião / Não sei;;"Timescale;OpenSearch;Elasticsearch;";Não tenho opinião / Não sei;Não tenho opinião / Não sei;Não tenho opinião / Não sei;Não tenho opinião / Não sei;Não tenho opinião / Não sei;Não tenho opinião / Não sei;Não tenho opinião / Não sei;Me interesso em usar;Me interesso em usar;Não tenho opinião / Não sei;Uso atualmente;Não tenho opinião / Não sei;Me interesso em usar;Me interesso em usar;Não tenho opinião / Não sei;;"LanceDB;PostgreSQL pgvector;Elasticsearch Vector;";Não tenho opinião / Não sei;Não tenho opinião / Não sei;Não tenho opinião / Não sei;Não tenho opinião / Não sei;Não tenho opinião / Não sei;Não tenho opinião / Não sei;Já usei;Não tenho opinião / Não sei;Me interesso em usar;Não tenho opinião / Não sei;Não tenho opinião / Não sei;Me interesso em usar;Uso atualmente;Não tenho opinião / Não sei;Não tenho opinião / Não sei;Não tenho opinião / Não sei;Não tenho opinião / Não sei;;"RAPIDS cuDF;DuckDB;Pandas;";Me interesso em usar;Não tenho opinião / Não sei;Não tenho opinião / Não sei;Não tenho opinião / Não sei;Não tenho opinião / Não sei;Não tenho opinião / Não sei;Não tenho opinião / Não sei;Me interesso em usar;Já usei;Não tenho opinião / Não sei;Não tenho opinião / Não sei;Não tenho opinião / Não sei;Me interesso em usar;Não tenho opinião / Não sei;Não tenho opinião / Não sei;Me interesso em usar;Não tenho opinião / Não sei;Não tenho opinião / Não sei;Não tenho opinião / Não sei;Não tenho opinião / Não sei;;"Streamlit;Trino;Metabase;"
29;2026-03-09 11:48:10;2026-03-09 11:57:20;0335372@cepel.br;Caio Carvalho;;Já usei;Uso atualmente;Já usei;"Semi-estruturados / sem esquema rígido (JSON, TOON, XML, parquet, ORC, Avro);Estruturados / tabulares (CSV, planilhas, dataframes, SQL dumps);";Uso atualmente;Não preciso / Não se aplica;Já usei;Já usei;Já usei;Não preciso / Não se aplica;Não preciso / Não se aplica;Não preciso / Não se aplica;Não tenho opinião / Não sei;;"APIs e serviços web;Arquivos de dados (XLS, CSV, JSON, parquet, imagem, ...);Dados de sensores IoT;";Não preciso / Não se aplica;Não preciso / Não se aplica;Não preciso / Não se aplica;Não preciso / Não se aplica;Não preciso / Não se aplica;Não preciso / Não se aplica;Não preciso / Não se aplica;Não preciso / Não se aplica;Não preciso / Não se aplica;Não preciso / Não se aplica;Não preciso / Não se aplica;Não preciso / Não se aplica;Não preciso / Não se aplica;;;Não preciso / Não se aplica;Não preciso / Não se aplica;Não preciso / Não se aplica;Não preciso / Não se aplica;Não preciso / Não se aplica;Não preciso / Não se aplica;Não preciso / Não se aplica;Não preciso / Não se aplica;Não preciso / Não se aplica;Não preciso / Não se aplica;Não preciso / Não se aplica;Não preciso / Não se aplica;;;Não preciso / Não se aplica;Não preciso / Não se aplica;Não preciso / Não se aplica;Não preciso / Não se aplica;Não preciso / Não se aplica;Não preciso / Não se aplica;Não preciso / Não se aplica;Não preciso / Não se aplica;Não preciso / Não se aplica;Não preciso / Não se aplica;Não preciso / Não se aplica;Não preciso / Não se aplica;Não preciso / Não se aplica;;;Não preciso / Não se aplica;Não preciso / Não se aplica;Não preciso / Não se aplica;Não preciso / Não se aplica;Não preciso / Não se aplica;Não preciso / Não se aplica;Não preciso / Não se aplica;Não preciso / Não se aplica;Não preciso / Não se aplica;Não preciso / Não se aplica;Não preciso / Não se aplica;Não preciso / Não se aplica;Não preciso / Não se aplica;Não preciso / Não se aplica;Não preciso / Não se aplica;;;Não preciso / Não se aplica;Não preciso / Não se aplica;Não preciso / Não se aplica;Não preciso / Não se aplica;Não preciso / Não se aplica;Não preciso / Não se aplica;Não preciso / Não se aplica;Não preciso / Não se aplica;Não preciso / Não se aplica;Não preciso / Não se aplica;Não preciso / Não se aplica;Não preciso / Não se aplica;Não preciso / Não se aplica;Não preciso / Não se aplica;Não preciso / Não se aplica;;;Não preciso / Não se aplica;Não preciso / Não se aplica;Não preciso / Não se aplica;Não preciso / Não se aplica;Não preciso / Não se aplica;Não preciso / Não se aplica;Não preciso / Não se aplica;Não preciso / Não se aplica;Não preciso / Não se aplica;Não preciso / Não se aplica;Não preciso / Não se aplica;Não preciso / Não se aplica;Não preciso / Não se aplica;Não preciso / Não se aplica;Não preciso / Não se aplica;Não preciso / Não se aplica;Não preciso / Não se aplica;;;Não preciso / Não se aplica;Não preciso / Não se aplica;Não preciso / Não se aplica;Não preciso / Não se aplica;Não preciso / Não se aplica;Não preciso / Não se aplica;Não preciso / Não se aplica;Não preciso / Não se aplica;Não preciso / Não se aplica;Não preciso / Não se aplica;Não preciso / Não se aplica;Não preciso / Não se aplica;Não preciso / Não se aplica;Não preciso / Não se aplica;Não preciso / Não se aplica;Não preciso / Não se aplica;Não preciso / Não se aplica;Não preciso / Não se aplica;Não preciso / Não se aplica;Não preciso / Não se aplica;;
30;2026-03-09 16:01:19;2026-03-09 16:13:31;0361680@cepel.br;Djalma Silva;;Uso atualmente;Uso atualmente;Uso atualmente;"Estruturados / tabulares (CSV, planilhas, dataframes, SQL dumps);Não-estruturados / sem formato definido (textos/docs, logs, áudios, imagens, vídeos, binários);";Uso atualmente;Já usei;Uso atualmente;Já usei;Uso atualmente;Já usei;Já usei;Já usei;Não preciso / Não se aplica;;"Arquivos de dados (XLS, CSV, JSON, parquet, imagem, ...);Bancos de dados SQL e NoSQL;APIs e serviços web;";Não tenho opinião / Não sei;Não tenho opinião / Não sei;Não tenho opinião / Não sei;Não tenho opinião / Não sei;Já usei;Me interesso em usar;Não tenho opinião / Não sei;Já usei;Me interesso em usar;Me interesso em usar;Não tenho opinião / Não sei;Não tenho opinião / Não sei;Não preciso / Não se aplica;;"Apache Kafka;RabbitMQ;";Uso atualmente;Uso atualmente;Uso atualmente;Já usei;Uso atualmente;Já usei;Já usei;Não preciso / Não se aplica;Não preciso / Não se aplica;Não preciso / Não se aplica;Não preciso / Não se aplica;Não preciso / Não se aplica;;"SQLite;PostgreSQL;";Já usei;Não tenho opinião / Não sei;Não tenho opinião / Não sei;Não tenho opinião / Não sei;Já usei;Não tenho opinião / Não sei;Não tenho opinião / Não sei;Não preciso / Não se aplica;Não tenho opinião / Não sei;Não preciso / Não se aplica;Não tenho opinião / Não sei;Não tenho opinião / Não sei;Não preciso / Não se aplica;;"MongoDB;Redis;Neo4j;";Não preciso / Não se aplica;Não tenho opinião / Não sei;Não tenho opinião / Não sei;Não preciso / Não se aplica;Não tenho opinião / Não sei;Não tenho opinião / Não sei;Uso atualmente;Uso atualmente;Não tenho opinião / Não sei;Já usei;Não tenho opinião / Não sei;Não tenho opinião / Não sei;Não tenho opinião / Não sei;Não tenho opinião / Não sei;Não preciso / Não se aplica;;"DuckDB;Timescale;";Já usei;Já usei;Já usei;Já usei;Já usei;Não tenho opinião / Não sei;Não tenho opinião / Não sei;Não tenho opinião / Não sei;Não tenho opinião / Não sei;Não tenho opinião / Não sei;Já usei;Não tenho opinião / Não sei;Não tenho opinião / Não sei;Não tenho opinião / Não sei;Não preciso / Não se aplica;;"PostgreSQL pgvector;Weaviate;Chroma;";Me interesso em usar;Não tenho opinião / Não sei;Não tenho opinião / Não sei;Não tenho opinião / Não sei;Não tenho opinião / Não sei;Me interesso em usar;Me interesso em usar;Uso atualmente;Uso atualmente;Não tenho opinião / Não sei;Já usei;Uso atualmente;Uso atualmente;Não tenho opinião / Não sei;Não tenho opinião / Não sei;Não tenho opinião / Não sei;Não preciso / Não se aplica;;"Polars;RAPIDS cuDF;Pandas;";Não tenho opinião / Não sei;Não tenho opinião / Não sei;Não tenho opinião / Não sei;Não tenho opinião / Não sei;Não tenho opinião / Não sei;Não tenho opinião / Não sei;Me interesso em usar;Não tenho opinião / Não sei;Não preciso / Não se aplica;Me interesso em usar;Não tenho opinião / Não sei;Não tenho opinião / Não sei;Já usei;Já usei;Não tenho opinião / Não sei;Já usei;Não tenho opinião / Não sei;Não tenho opinião / Não sei;Não tenho opinião / Não sei;Não preciso / Não se aplica;;"Apache Superset;Gradio;Streamlit;"
31;2026-03-09 16:20:10;2026-03-09 16:30:16;clayton@cepel.br;Clayton Guimarães da Mata;;Uso atualmente;Já usei;Uso atualmente;"Estruturados / tabulares (CSV, planilhas, dataframes, SQL dumps);Não-estruturados / sem formato definido (textos/docs, logs, áudios, imagens, vídeos, binários);";Uso atualmente;Já usei;Já usei;Não preciso / Não se aplica;Já usei;Não preciso / Não se aplica;Já usei;Uso atualmente;Não preciso / Não se aplica;;"Bancos de dados SQL e NoSQL;";Não tenho opinião / Não sei;Não tenho opinião / Não sei;Não tenho opinião / Não sei;Não tenho opinião / Não sei;Não tenho opinião / Não sei;Não tenho opinião / Não sei;Não tenho opinião / Não sei;Não tenho opinião / Não sei;Não tenho opinião / Não sei;Não tenho opinião / Não sei;Não tenho opinião / Não sei;Não tenho opinião / Não sei;Não tenho opinião / Não sei;;;Não tenho opinião / Não sei;Já usei;Não tenho opinião / Não sei;Uso atualmente;Uso atualmente;Não tenho opinião / Não sei;Já usei;Não tenho opinião / Não sei;Não tenho opinião / Não sei;Não tenho opinião / Não sei;Não tenho opinião / Não sei;Não tenho opinião / Não sei;;"SQL Server;PostgreSQL;";Não tenho opinião / Não sei;Não tenho opinião / Não sei;Não tenho opinião / Não sei;Não tenho opinião / Não sei;Não tenho opinião / Não sei;Não tenho opinião / Não sei;Não tenho opinião / Não sei;Não tenho opinião / Não sei;Não tenho opinião / Não sei;Não tenho opinião / Não sei;Não tenho opinião / Não sei;Não tenho opinião / Não sei;Não tenho opinião / Não sei;;;Não tenho opinião / Não sei;Não tenho opinião / Não sei;Não tenho opinião / Não sei;Não tenho opinião / Não sei;Não tenho opinião / Não sei;Não tenho opinião / Não sei;Não tenho opinião / Não sei;Não tenho opinião / Não sei;Não tenho opinião / Não sei;Não tenho opinião / Não sei;Não tenho opinião / Não sei;Não tenho opinião / Não sei;Não tenho opinião / Não sei;Não tenho opinião / Não sei;Não tenho opinião / Não sei;;;Não tenho opinião / Não sei;Não tenho opinião / Não sei;Não tenho opinião / Não sei;Não tenho opinião / Não sei;Não tenho opinião / Não sei;Não tenho opinião / Não sei;Não tenho opinião / Não sei;Não tenho opinião / Não sei;Não tenho opinião / Não sei;Não tenho opinião / Não sei;Não tenho opinião / Não sei;Não tenho opinião / Não sei;Não tenho opinião / Não sei;Não tenho opinião / Não sei;Não tenho opinião / Não sei;;;Não tenho opinião / Não sei;Não tenho opinião / Não sei;Não tenho opinião / Não sei;Não tenho opinião / Não sei;Não tenho opinião / Não sei;Não tenho opinião / Não sei;Não tenho opinião / Não sei;Não tenho opinião / Não sei;Não tenho opinião / Não sei;Não tenho opinião / Não sei;Não tenho opinião / Não sei;Não tenho opinião / Não sei;Já usei;Não tenho opinião / Não sei;Não tenho opinião / Não sei;Não tenho opinião / Não sei;Não tenho opinião / Não sei;;"Pandas;";Não tenho opinião / Não sei;Não tenho opinião / Não sei;Não tenho opinião / Não sei;Não tenho opinião / Não sei;Não tenho opinião / Não sei;Não tenho opinião / Não sei;Não tenho opinião / Não sei;Não tenho opinião / Não sei;Uso atualmente;Não tenho opinião / Não sei;Não tenho opinião / Não sei;Não tenho opinião / Não sei;Não tenho opinião / Não sei;Não tenho opinião / Não sei;Não tenho opinião / Não sei;Não tenho opinião / Não sei;Não tenho opinião / Não sei;Não tenho opinião / Não sei;Não tenho opinião / Não sei;Já usei;SAC - SAP Analytics Cloud;"PowerBI;"
32;2026-03-09 20:43:17;2026-03-09 20:53:35;0339759@cepel.br;Pedro Henrique Ramos Faria;;Uso atualmente;Uso atualmente;Uso atualmente;"Não-estruturados / sem formato definido (textos/docs, logs, áudios, imagens, vídeos, binários);";Uso atualmente;Não tenho opinião / Não sei;Uso atualmente;Não tenho opinião / Não sei;Me interesso em usar;Não tenho opinião / Não sei;Não tenho opinião / Não sei;Uso atualmente;Não tenho opinião / Não sei;;"APIs e serviços web;Bancos de dados SQL e NoSQL;Arquivos de dados (XLS, CSV, JSON, parquet, imagem, ...);";Me interesso em usar;Não tenho opinião / Não sei;Não tenho opinião / Não sei;Não tenho opinião / Não sei;Não tenho opinião / Não sei;Me interesso em usar;Me interesso em usar;Não tenho opinião / Não sei;Não tenho opinião / Não sei;Não tenho opinião / Não sei;Não tenho opinião / Não sei;Me interesso em usar;Não tenho opinião / Não sei;;"Airbyte;Pulsar;Apache Kafka;";Não preciso / Não se aplica;Uso atualmente;Não preciso / Não se aplica;Já usei;Uso atualmente;Não tenho opinião / Não sei;Não tenho opinião / Não sei;Não tenho opinião / Não sei;Não tenho opinião / Não sei;Não tenho opinião / Não sei;Não tenho opinião / Não sei;Não tenho opinião / Não sei;;"MySQL;SQL Server;PostgreSQL;";Me interesso em usar;Não tenho opinião / Não sei;Me interesso em usar;Não tenho opinião / Não sei;Me interesso em usar;Não tenho opinião / Não sei;Não tenho opinião / Não sei;Não tenho opinião / Não sei;Não tenho opinião / Não sei;Não tenho opinião / Não sei;Não tenho opinião / Não sei;Não tenho opinião / Não sei;Não tenho opinião / Não sei;;"MongoDB;Couchbase;Redis;";Não tenho opinião / Não sei;Não tenho opinião / Não sei;Não tenho opinião / Não sei;Não tenho opinião / Não sei;Não tenho opinião / Não sei;Não tenho opinião / Não sei;Não tenho opinião / Não sei;Não tenho opinião / Não sei;Não tenho opinião / Não sei;Me interesso em usar;Me interesso em usar;Me interesso em usar;Me interesso em usar;Me interesso em usar;Não tenho opinião / Não sei;;"ClickHouse;Apache Pinot;Apache Druid;";Me interesso em usar;Não tenho opinião / Não sei;Me interesso em usar;Me interesso em usar;Me interesso em usar;Não tenho opinião / Não sei;Não tenho opinião / Não sei;Não tenho opinião / Não sei;Não tenho opinião / Não sei;Não tenho opinião / Não sei;Me interesso em usar;Me interesso em usar;Não tenho opinião / Não sei;Não tenho opinião / Não sei;Não tenho opinião / Não sei;;"Pinecone;Weaviate;MongoDB Vector;";Não tenho opinião / Não sei;Não tenho opinião / Não sei;Me interesso em usar;Não tenho opinião / Não sei;Não tenho opinião / Não sei;Não tenho opinião / Não sei;Não tenho opinião / Não sei;Não tenho opinião / Não sei;Não tenho opinião / Não sei;Não tenho opinião / Não sei;Não tenho opinião / Não sei;Não tenho opinião / Não sei;Me interesso em usar;Me interesso em usar;Não tenho opinião / Não sei;Não tenho opinião / Não sei;Não tenho opinião / Não sei;;"Apache Flink;dbt;Pandas;";Não tenho opinião / Não sei;Não tenho opinião / Não sei;Não tenho opinião / Não sei;Não tenho opinião / Não sei;Não tenho opinião / Não sei;Não tenho opinião / Não sei;Não tenho opinião / Não sei;Não tenho opinião / Não sei;Me interesso em usar;Me interesso em usar;Me interesso em usar;Não tenho opinião / Não sei;Não tenho opinião / Não sei;Não tenho opinião / Não sei;Não tenho opinião / Não sei;Não tenho opinião / Não sei;Não tenho opinião / Não sei;Não tenho opinião / Não sei;Não tenho opinião / Não sei;Não tenho opinião / Não sei;;"PowerBI;Tableau;Qlik;"
33;2026-03-10 08:36:01;2026-03-10 08:55:42;laao@cepel.br;Luiz Antônio Alves de Oliveira;;Uso atualmente;Uso atualmente;Já usei;"Estruturados / tabulares (CSV, planilhas, dataframes, SQL dumps);Semi-estruturados / sem esquema rígido (JSON, TOON, XML, parquet, ORC, Avro);";Uso atualmente;Já usei;Uso atualmente;Já usei;Já usei;Não preciso / Não se aplica;Me interesso em usar;Uso atualmente;Não tenho opinião / Não sei;;"Arquivos de dados (XLS, CSV, JSON, parquet, imagem, ...);APIs e serviços web;Bancos de dados SQL e NoSQL;";Me interesso em usar;Me interesso em usar;Me interesso em usar;Não tenho opinião / Não sei;Não tenho opinião / Não sei;Já usei;Não tenho opinião / Não sei;Não tenho opinião / Não sei;Já usei;Não tenho opinião / Não sei;Não tenho opinião / Não sei;Não tenho opinião / Não sei;Não tenho opinião / Não sei;;"Airbyte;Fivetran;Meltano;";Já usei;Uso atualmente;Já usei;Já usei;Já usei;Não tenho opinião / Não sei;Já usei;Já usei;Não tenho opinião / Não sei;Não tenho opinião / Não sei;Me interesso em usar;Não tenho opinião / Não sei;;"H2 Database;PostgreSQL;MySQL;";Já usei;Não tenho opinião / Não sei;Me interesso em usar;Não tenho opinião / Não sei;Já usei;Me interesso em usar;Me interesso em usar;Me interesso em usar;Me interesso em usar;Já usei;Me interesso em usar;Me interesso em usar;Não tenho opinião / Não sei;;"MongoDB;Redis;Neo4j;";Já usei;Não tenho opinião / Não sei;Me interesso em usar;Me interesso em usar;Me interesso em usar;Me interesso em usar;Me interesso em usar;Me interesso em usar;Me interesso em usar;Me interesso em usar;Me interesso em usar;Me interesso em usar;Me interesso em usar;Me interesso em usar;Me interesso em usar;;"ClickHouse;DuckDB;Apache Druid;";Não tenho opinião / Não sei;Não tenho opinião / Não sei;Não tenho opinião / Não sei;Não tenho opinião / Não sei;Não tenho opinião / Não sei;Não tenho opinião / Não sei;Não tenho opinião / Não sei;Não tenho opinião / Não sei;Não tenho opinião / Não sei;Não tenho opinião / Não sei;Não tenho opinião / Não sei;Não tenho opinião / Não sei;Não tenho opinião / Não sei;Não tenho opinião / Não sei;Não tenho opinião / Não sei;;;Me interesso em usar;Me interesso em usar;Me interesso em usar;Não tenho opinião / Não sei;Não tenho opinião / Não sei;Me interesso em usar;Me interesso em usar;Me interesso em usar;Me interesso em usar;Me interesso em usar;Me interesso em usar;Me interesso em usar;Já usei;Me interesso em usar;Não tenho opinião / Não sei;Não tenho opinião / Não sei;Não tenho opinião / Não sei;;"Apache Spark;Apache Flink;Ray;";Me interesso em usar;Não tenho opinião / Não sei;Me interesso em usar;Me interesso em usar;Não tenho opinião / Não sei;Me interesso em usar;Me interesso em usar;Me interesso em usar;Já usei;Me interesso em usar;Não tenho opinião / Não sei;Me interesso em usar;Me interesso em usar;Me interesso em usar;Não tenho opinião / Não sei;Já usei;Me interesso em usar;Não tenho opinião / Não sei;Não tenho opinião / Não sei;Não tenho opinião / Não sei;;"Gradio;Streamlit;Apache Superset;"
34;2026-03-10 15:15:32;2026-03-10 15:37:54;benevenuto@cepel.br;Monique da Cruz Benevenuto;;Já usei;Já usei;Já usei;"Semi-estruturados / sem esquema rígido (JSON, TOON, XML, parquet, ORC, Avro);";Já usei;Não tenho opinião / Não sei;Me interesso em usar;Não tenho opinião / Não sei;Já usei;Não preciso / Não se aplica;Não tenho opinião / Não sei;Me interesso em usar;Não tenho opinião / Não sei;;"Arquivos de dados (XLS, CSV, JSON, parquet, imagem, ...);APIs e serviços web;Bancos de dados SQL e NoSQL;";Não tenho opinião / Não sei;Não tenho opinião / Não sei;Não tenho opinião / Não sei;Não tenho opinião / Não sei;Não tenho opinião / Não sei;Não tenho opinião / Não sei;Não tenho opinião / Não sei;Não tenho opinião / Não sei;Não tenho opinião / Não sei;Não tenho opinião / Não sei;Não tenho opinião / Não sei;Não tenho opinião / Não sei;Não tenho opinião / Não sei;;"Outro;";Já usei;Já usei;Não tenho opinião / Não sei;Já usei;Uso atualmente;Não tenho opinião / Não sei;Já usei;Não tenho opinião / Não sei;Não tenho opinião / Não sei;Não tenho opinião / Não sei;Não tenho opinião / Não sei;Não tenho opinião / Não sei;;"SQL Server;PostgreSQL;Oracle Database;";Não tenho opinião / Não sei;Não tenho opinião / Não sei;Não tenho opinião / Não sei;Não tenho opinião / Não sei;Não tenho opinião / Não sei;Não tenho opinião / Não sei;Não tenho opinião / Não sei;Não tenho opinião / Não sei;Não tenho opinião / Não sei;Não tenho opinião / Não sei;Não tenho opinião / Não sei;Não tenho opinião / Não sei;Não tenho opinião / Não sei;;;Não tenho opinião / Não sei;Não tenho opinião / Não sei;Não tenho opinião / Não sei;Não tenho opinião / Não sei;Não tenho opinião / Não sei;Já usei;Não tenho opinião / Não sei;Não tenho opinião / Não sei;Não tenho opinião / Não sei;Não tenho opinião / Não sei;Não tenho opinião / Não sei;Não tenho opinião / Não sei;Não tenho opinião / Não sei;Não tenho opinião / Não sei;Não tenho opinião / Não sei;;;Não tenho opinião / Não sei;Não tenho opinião / Não sei;Não tenho opinião / Não sei;Não tenho opinião / Não sei;Não tenho opinião / Não sei;Não tenho opinião / Não sei;Não tenho opinião / Não sei;Não tenho opinião / Não sei;Não tenho opinião / Não sei;Não tenho opinião / Não sei;Não tenho opinião / Não sei;Não tenho opinião / Não sei;Não tenho opinião / Não sei;Não tenho opinião / Não sei;Não tenho opinião / Não sei;;;Não tenho opinião / Não sei;Não tenho opinião / Não sei;Não tenho opinião / Não sei;Não tenho opinião / Não sei;Não tenho opinião / Não sei;Não tenho opinião / Não sei;Não tenho opinião / Não sei;Não tenho opinião / Não sei;Não tenho opinião / Não sei;Não tenho opinião / Não sei;Não tenho opinião / Não sei;Não tenho opinião / Não sei;Não tenho opinião / Não sei;Não tenho opinião / Não sei;Não tenho opinião / Não sei;Não tenho opinião / Não sei;Não tenho opinião / Não sei;;;Não tenho opinião / Não sei;Não tenho opinião / Não sei;Não tenho opinião / Não sei;Não tenho opinião / Não sei;Não tenho opinião / Não sei;Não tenho opinião / Não sei;Não tenho opinião / Não sei;Não tenho opinião / Não sei;Me interesso em usar;Não tenho opinião / Não sei;Não tenho opinião / Não sei;Não tenho opinião / Não sei;Não tenho opinião / Não sei;Não tenho opinião / Não sei;Não tenho opinião / Não sei;Não tenho opinião / Não sei;Não tenho opinião / Não sei;Não tenho opinião / Não sei;Não tenho opinião / Não sei;Já usei;"Já usei do JavaScript/Web: - ECharts: Biblioteca rica da Apache (interativa e performática); e - Chart.js: Simples e leve para gráficos básicos.";"PowerBI;"
35;2026-03-12 08:07:53;2026-03-12 08:15:17;0341418@cepel.br;Eduardo Dos Santos Gonçalves;;Já usei;Já usei;Não tenho opinião / Não sei;"Estruturados / tabulares (CSV, planilhas, dataframes, SQL dumps);Semi-estruturados / sem esquema rígido (JSON, TOON, XML, parquet, ORC, Avro);";Já usei;Já usei;Já usei;Não preciso / Não se aplica;Me interesso em usar;Não tenho opinião / Não sei;Não preciso / Não se aplica;Já usei;Não preciso / Não se aplica;;"APIs e serviços web;Sistemas corporativos (ERP, CRM, ...);Bancos de dados SQL e NoSQL;";Não tenho opinião / Não sei;Não tenho opinião / Não sei;Não tenho opinião / Não sei;Não tenho opinião / Não sei;Não tenho opinião / Não sei;Me interesso em usar;Não tenho opinião / Não sei;Não tenho opinião / Não sei;Me interesso em usar;Não tenho opinião / Não sei;Não tenho opinião / Não sei;Não tenho opinião / Não sei;Não tenho opinião / Não sei;;"Apache Kafka;RabbitMQ;";Já usei;Já usei;Me interesso em usar;Já usei;Já usei;Não tenho opinião / Não sei;Me interesso em usar;Não preciso / Não se aplica;Não preciso / Não se aplica;Me interesso em usar;Não preciso / Não se aplica;Não preciso / Não se aplica;;"MySQL;SQL Server;PostgreSQL;";Já usei;Não tenho opinião / Não sei;Não tenho opinião / Não sei;Não tenho opinião / Não sei;Me interesso em usar;Não tenho opinião / Não sei;Não tenho opinião / Não sei;Não tenho opinião / Não sei;Não tenho opinião / Não sei;Me interesso em usar;Não tenho opinião / Não sei;Não tenho opinião / Não sei;Não preciso / Não se aplica;;"MongoDB;Redis;Neo4j;";Me interesso em usar;Não tenho opinião / Não sei;Não tenho opinião / Não sei;Não tenho opinião / Não sei;Não tenho opinião / Não sei;Não tenho opinião / Não sei;Não tenho opinião / Não sei;Me interesso em usar;Não tenho opinião / Não sei;Não tenho opinião / Não sei;Não tenho opinião / Não sei;Não tenho opinião / Não sei;Não tenho opinião / Não sei;Não tenho opinião / Não sei;Não tenho opinião / Não sei;;"Elasticsearch;DuckDB;";Não preciso / Não se aplica;Não preciso / Não se aplica;Não preciso / Não se aplica;Não preciso / Não se aplica;Não preciso / Não se aplica;Não preciso / Não se aplica;Não preciso / Não se aplica;Não preciso / Não se aplica;Não preciso / Não se aplica;Não preciso / Não se aplica;Não preciso / Não se aplica;Não preciso / Não se aplica;Não preciso / Não se aplica;Não preciso / Não se aplica;Não preciso / Não se aplica;;;Me interesso em usar;Não tenho opinião / Não sei;Não tenho opinião / Não sei;Não tenho opinião / Não sei;Não tenho opinião / Não sei;Não tenho opinião / Não sei;Me interesso em usar;Já usei;Não tenho opinião / Não sei;Não tenho opinião / Não sei;Não tenho opinião / Não sei;Me interesso em usar;Já usei;Não tenho opinião / Não sei;Não tenho opinião / Não sei;Não tenho opinião / Não sei;Não tenho opinião / Não sei;;"Apache Spark;Polars;Pandas;";Não tenho opinião / Não sei;Não tenho opinião / Não sei;Não tenho opinião / Não sei;Não tenho opinião / Não sei;Não tenho opinião / Não sei;Não tenho opinião / Não sei;Já usei;Me interesso em usar;Já usei;Me interesso em usar;Não tenho opinião / Não sei;Não tenho opinião / Não sei;Me interesso em usar;Não tenho opinião / Não sei;Não tenho opinião / Não sei;Me interesso em usar;Não tenho opinião / Não sei;Não tenho opinião / Não sei;Não tenho opinião / Não sei;Não tenho opinião / Não sei;;"PowerBI;Gradio;Streamlit;"
36;2026-03-12 12:56:57;2026-03-12 13:05:06;0361322@cepel.br;Bruno dos Reis Jaccoud;;Uso atualmente;Uso atualmente;Uso atualmente;"Estruturados / tabulares (CSV, planilhas, dataframes, SQL dumps);Semi-estruturados / sem esquema rígido (JSON, TOON, XML, parquet, ORC, Avro);";Uso atualmente;Não preciso / Não se aplica;Uso atualmente;Não tenho opinião / Não sei;Uso atualmente;Não preciso / Não se aplica;Não tenho opinião / Não sei;Uso atualmente;Não tenho opinião / Não sei;;"Arquivos de dados (XLS, CSV, JSON, parquet, imagem, ...);APIs e serviços web;Logs de servidores e aplicações;";Não tenho opinião / Não sei;Não tenho opinião / Não sei;Não tenho opinião / Não sei;Não tenho opinião / Não sei;Não tenho opinião / Não sei;Me interesso em usar;Não tenho opinião / Não sei;Não tenho opinião / Não sei;Me interesso em usar;Me interesso em usar;Não tenho opinião / Não sei;Não tenho opinião / Não sei;Não tenho opinião / Não sei;;"RabbitMQ;Apache Kafka;";Já usei;Já usei;Não tenho opinião / Não sei;Já usei;Uso atualmente;Não tenho opinião / Não sei;Já usei;Não tenho opinião / Não sei;Não tenho opinião / Não sei;Não tenho opinião / Não sei;Uso atualmente;Não tenho opinião / Não sei;;"PostgreSQL;MySQL;H2 Database;";Já usei;Não tenho opinião / Não sei;Não tenho opinião / Não sei;Não tenho opinião / Não sei;Me interesso em usar;Não tenho opinião / Não sei;Não tenho opinião / Não sei;Me interesso em usar;Não tenho opinião / Não sei;Não tenho opinião / Não sei;Não tenho opinião / Não sei;Não tenho opinião / Não sei;Não tenho opinião / Não sei;;"MongoDB;";Não tenho opinião / Não sei;Não tenho opinião / Não sei;Não tenho opinião / Não sei;Não tenho opinião / Não sei;Não tenho opinião / Não sei;Não tenho opinião / Não sei;Não tenho opinião / Não sei;Não tenho opinião / Não sei;Não tenho opinião / Não sei;Não tenho opinião / Não sei;Não tenho opinião / Não sei;Não tenho opinião / Não sei;Não tenho opinião / Não sei;Não tenho opinião / Não sei;Não tenho opinião / Não sei;;;Não tenho opinião / Não sei;Não tenho opinião / Não sei;Não tenho opinião / Não sei;Não tenho opinião / Não sei;Não tenho opinião / Não sei;Não tenho opinião / Não sei;Não tenho opinião / Não sei;Não tenho opinião / Não sei;Não tenho opinião / Não sei;Não tenho opinião / Não sei;Não tenho opinião / Não sei;Não tenho opinião / Não sei;Não tenho opinião / Não sei;Não tenho opinião / Não sei;Não tenho opinião / Não sei;;;Não tenho opinião / Não sei;Não tenho opinião / Não sei;Não tenho opinião / Não sei;Não tenho opinião / Não sei;Não tenho opinião / Não sei;Não tenho opinião / Não sei;Já usei;Não tenho opinião / Não sei;Não tenho opinião / Não sei;Não tenho opinião / Não sei;Não tenho opinião / Não sei;Não tenho opinião / Não sei;Já usei;Não tenho opinião / Não sei;Não tenho opinião / Não sei;Não tenho opinião / Não sei;Não tenho opinião / Não sei;;"Pandas;";Não tenho opinião / Não sei;Não tenho opinião / Não sei;Não tenho opinião / Não sei;Já usei;Não tenho opinião / Não sei;Não tenho opinião / Não sei;Não tenho opinião / Não sei;Já usei;Já usei;Não tenho opinião / Não sei;Não tenho opinião / Não sei;Não tenho opinião / Não sei;Não tenho opinião / Não sei;Não tenho opinião / Não sei;Não tenho opinião / Não sei;Não tenho opinião / Não sei;Não tenho opinião / Não sei;Não tenho opinião / Não sei;Não tenho opinião / Não sei;Não tenho opinião / Não sei;;
37;2026-03-13 08:50:23;2026-03-13 09:02:39;felipedias@cepel.br;Felipe Dias de Rezende Machado;;Uso atualmente;Uso atualmente;Já usei;"Estruturados / tabulares (CSV, planilhas, dataframes, SQL dumps);Semi-estruturados / sem esquema rígido (JSON, TOON, XML, parquet, ORC, Avro);";Uso atualmente;Não tenho opinião / Não sei;Uso atualmente;Já usei;Uso atualmente;Já usei;Uso atualmente;Uso atualmente;Não tenho opinião / Não sei;;"APIs e serviços web;Logs de servidores e aplicações;Arquivos de dados (XLS, CSV, JSON, parquet, imagem, ...);";Não tenho opinião / Não sei;Não tenho opinião / Não sei;Não tenho opinião / Não sei;Já usei;Já usei;Já usei;Não tenho opinião / Não sei;Não tenho opinião / Não sei;Já usei;Não tenho opinião / Não sei;Não tenho opinião / Não sei;Não tenho opinião / Não sei;Não tenho opinião / Não sei;;"Apache NiFi;Apache Camel;Apache Kafka;";Já usei;Uso atualmente;Uso atualmente;Já usei;Uso atualmente;Não tenho opinião / Não sei;Não tenho opinião / Não sei;Não tenho opinião / Não sei;Não tenho opinião / Não sei;Não tenho opinião / Não sei;Uso atualmente;Não tenho opinião / Não sei;;"PostgreSQL;H2 Database;SQLite;";Já usei;Não tenho opinião / Não sei;Não tenho opinião / Não sei;Não tenho opinião / Não sei;Já usei;Não tenho opinião / Não sei;Não tenho opinião / Não sei;Não tenho opinião / Não sei;Não tenho opinião / Não sei;Já usei;Não tenho opinião / Não sei;Não tenho opinião / Não sei;Não tenho opinião / Não sei;;"MongoDB;Redis;Neo4j;";Me interesso em usar;Não tenho opinião / Não sei;Não tenho opinião / Não sei;Não tenho opinião / Não sei;Não tenho opinião / Não sei;Me interesso em usar;Me interesso em usar;Não tenho opinião / Não sei;Não tenho opinião / Não sei;Não tenho opinião / Não sei;Não tenho opinião / Não sei;Não tenho opinião / Não sei;Não tenho opinião / Não sei;Não tenho opinião / Não sei;Não tenho opinião / Não sei;;"Elasticsearch;QuestDB;Timescale;";Não tenho opinião / Não sei;Não tenho opinião / Não sei;Não tenho opinião / Não sei;Já usei;Não tenho opinião / Não sei;Não tenho opinião / Não sei;Não tenho opinião / Não sei;Não tenho opinião / Não sei;Não tenho opinião / Não sei;Não tenho opinião / Não sei;Me interesso em usar;Me interesso em usar;Me interesso em usar;Me interesso em usar;Não tenho opinião / Não sei;;"Chroma;Elasticsearch Vector;Redis Vector;";Me interesso em usar;Não tenho opinião / Não sei;Não tenho opinião / Não sei;Não tenho opinião / Não sei;Não tenho opinião / Não sei;Não tenho opinião / Não sei;Me interesso em usar;Não tenho opinião / Não sei;Não tenho opinião / Não sei;Não tenho opinião / Não sei;Não tenho opinião / Não sei;Não tenho opinião / Não sei;Já usei;Não tenho opinião / Não sei;Me interesso em usar;Não tenho opinião / Não sei;Não tenho opinião / Não sei;;"Apache Spark;PySpark;Pandas;";Não tenho opinião / Não sei;Não tenho opinião / Não sei;Não tenho opinião / Não sei;Não tenho opinião / Não sei;Não tenho opinião / Não sei;Me interesso em usar;Não tenho opinião / Não sei;Não tenho opinião / Não sei;Já usei;Não tenho opinião / Não sei;Não tenho opinião / Não sei;Me interesso em usar;Me interesso em usar;Não tenho opinião / Não sei;Não tenho opinião / Não sei;Já usei;Não tenho opinião / Não sei;Não tenho opinião / Não sei;Não tenho opinião / Não sei;Não tenho opinião / Não sei;;"Apache Impala;PowerBI;Looker;"
38;2026-03-13 09:20:42;2026-03-13 09:49:24;0360703@cepel.br;Luciano Raimundo Chagas Costa Junior;;Uso atualmente;Uso atualmente;Já usei;"Semi-estruturados / sem esquema rígido (JSON, TOON, XML, parquet, ORC, Avro);Estruturados / tabulares (CSV, planilhas, dataframes, SQL dumps);";Uso atualmente;Não preciso / Não se aplica;Uso atualmente;Já usei;Já usei;Me interesso em usar;Me interesso em usar;Uso atualmente;Não tenho opinião / Não sei;;"Arquivos de dados (XLS, CSV, JSON, parquet, imagem, ...);APIs e serviços web;Bancos de dados SQL e NoSQL;";Me interesso em usar;Não tenho opinião / Não sei;Não tenho opinião / Não sei;Me interesso em usar;Me interesso em usar;Uso atualmente;Me interesso em usar;Já usei;Uso atualmente;Me interesso em usar;Me interesso em usar;Me interesso em usar;Já usei;Apache Airflow;"Apache Kafka;RabbitMQ;";Já usei;Já usei;Já usei;Já usei;Uso atualmente;Não tenho opinião / Não sei;Já usei;Já usei;Não tenho opinião / Não sei;Não tenho opinião / Não sei;Já usei;Já usei;MongoDB;"PostgreSQL;MySQL;H2 Database;";Já usei;Não tenho opinião / Não sei;Não tenho opinião / Não sei;Não tenho opinião / Não sei;Me interesso em usar;Não tenho opinião / Não sei;Me interesso em usar;Já usei;Não tenho opinião / Não sei;Não tenho opinião / Não sei;Não tenho opinião / Não sei;Não tenho opinião / Não sei;Não tenho opinião / Não sei;;"MongoDB;Redis;";Já usei;Não tenho opinião / Não sei;Não tenho opinião / Não sei;Já usei;Me interesso em usar;Já usei;Não tenho opinião / Não sei;Não tenho opinião / Não sei;Não tenho opinião / Não sei;Me interesso em usar;Não tenho opinião / Não sei;Não tenho opinião / Não sei;Não tenho opinião / Não sei;Não tenho opinião / Não sei;Não tenho opinião / Não sei;;"Elasticsearch;QuestDB;ClickHouse;";Não tenho opinião / Não sei;Não tenho opinião / Não sei;Não tenho opinião / Não sei;Não tenho opinião / Não sei;Não tenho opinião / Não sei;Não tenho opinião / Não sei;Não tenho opinião / Não sei;Não tenho opinião / Não sei;Não tenho opinião / Não sei;Não tenho opinião / Não sei;Me interesso em usar;Me interesso em usar;Me interesso em usar;Me interesso em usar;Não tenho opinião / Não sei;;"PostgreSQL pgvector;Elasticsearch Vector;";Já usei;Me interesso em usar;Já usei;Me interesso em usar;Me interesso em usar;Já usei;Me interesso em usar;Me interesso em usar;Me interesso em usar;Me interesso em usar;Me interesso em usar;Me interesso em usar;Uso atualmente;Me interesso em usar;Me interesso em usar;Me interesso em usar;Não tenho opinião / Não sei;;"Apache Flink;Apache Spark;";Me interesso em usar;Me interesso em usar;Me interesso em usar;Já usei;Me interesso em usar;Me interesso em usar;Me interesso em usar;Me interesso em usar;Já usei;Já usei;Me interesso em usar;Me interesso em usar;Já usei;Me interesso em usar;Me interesso em usar;Me interesso em usar;Me interesso em usar;Me interesso em usar;Me interesso em usar;Não tenho opinião / Não sei;;"Dremio;PowerBI;"
39;2026-03-13 10:14:12;2026-03-13 10:24:25;sergiorf@cepel.br;Sergio Roberto Ferreira Cordeiro de Melo;;Uso atualmente;Uso atualmente;Uso atualmente;"Semi-estruturados / sem esquema rígido (JSON, TOON, XML, parquet, ORC, Avro);Estruturados / tabulares (CSV, planilhas, dataframes, SQL dumps);";Uso atualmente;Me interesso em usar;Me interesso em usar;Me interesso em usar;Não preciso / Não se aplica;Não preciso / Não se aplica;Uso atualmente;Uso atualmente;Não preciso / Não se aplica;nao;"Dados geoespaciais;Arquivos de dados (XLS, CSV, JSON, parquet, imagem, ...);APIs e serviços web;";Não tenho opinião / Não sei;Não tenho opinião / Não sei;Não tenho opinião / Não sei;Não tenho opinião / Não sei;Não tenho opinião / Não sei;Não tenho opinião / Não sei;Não tenho opinião / Não sei;Não tenho opinião / Não sei;Não tenho opinião / Não sei;Não tenho opinião / Não sei;Não tenho opinião / Não sei;Não tenho opinião / Não sei;Não tenho opinião / Não sei;;;Já usei;Já usei;Já usei;Já usei;Uso atualmente;Já usei;Já usei;Não tenho opinião / Não sei;Não tenho opinião / Não sei;Não tenho opinião / Não sei;Não tenho opinião / Não sei;Já usei;BigQuery;"PostgreSQL;SQL Server;MySQL;";Já usei;Já usei;Me interesso em usar;Me interesso em usar;Me interesso em usar;Me interesso em usar;Me interesso em usar;Me interesso em usar;Me interesso em usar;Me interesso em usar;Me interesso em usar;Me interesso em usar;Não preciso / Não se aplica;;"MongoDB;Apache CouchDB;Neo4j;";Não tenho opinião / Não sei;Não tenho opinião / Não sei;Não tenho opinião / Não sei;Já usei;Não tenho opinião / Não sei;Não tenho opinião / Não sei;Não tenho opinião / Não sei;Não tenho opinião / Não sei;Não tenho opinião / Não sei;Não tenho opinião / Não sei;Não tenho opinião / Não sei;Não tenho opinião / Não sei;Não tenho opinião / Não sei;Não tenho opinião / Não sei;Me interesso em usar;nada;"InfluxDB;OpenSearch;IoTDB;";Não tenho opinião / Não sei;Não tenho opinião / Não sei;Não tenho opinião / Não sei;Não tenho opinião / Não sei;Não tenho opinião / Não sei;Não tenho opinião / Não sei;Não tenho opinião / Não sei;Não tenho opinião / Não sei;Não tenho opinião / Não sei;Não tenho opinião / Não sei;Me interesso em usar;Não tenho opinião / Não sei;Não tenho opinião / Não sei;Não tenho opinião / Não sei;Não preciso / Não se aplica;nada;"PostgreSQL pgvector;MongoDB Vector;Chroma;";Não tenho opinião / Não sei;Me interesso em usar;Não tenho opinião / Não sei;Não tenho opinião / Não sei;Não tenho opinião / Não sei;Não tenho opinião / Não sei;Me interesso em usar;Não tenho opinião / Não sei;Não tenho opinião / Não sei;Não tenho opinião / Não sei;Não tenho opinião / Não sei;Não tenho opinião / Não sei;Não tenho opinião / Não sei;Não tenho opinião / Não sei;Não tenho opinião / Não sei;Não tenho opinião / Não sei;Não tenho opinião / Não sei;;;Não tenho opinião / Não sei;Não tenho opinião / Não sei;Não tenho opinião / Não sei;Não tenho opinião / Não sei;Não tenho opinião / Não sei;Não tenho opinião / Não sei;Não tenho opinião / Não sei;Não tenho opinião / Não sei;Não tenho opinião / Não sei;Não tenho opinião / Não sei;Não tenho opinião / Não sei;Não tenho opinião / Não sei;Não tenho opinião / Não sei;Não tenho opinião / Não sei;Não tenho opinião / Não sei;Não tenho opinião / Não sei;Não tenho opinião / Não sei;Não tenho opinião / Não sei;Não tenho opinião / Não sei;Não tenho opinião / Não sei;;
40;2026-03-13 10:27:00;2026-03-13 10:59:54;0360711@cepel.br;Victor Hugo Cid Pereira;;Já usei;Já usei;Me interesso em usar;"Estruturados / tabulares (CSV, planilhas, dataframes, SQL dumps);Semi-estruturados / sem esquema rígido (JSON, TOON, XML, parquet, ORC, Avro);";Já usei;Não preciso / Não se aplica;Já usei;Me interesso em usar;Me interesso em usar;Não preciso / Não se aplica;Não preciso / Não se aplica;Já usei;Não tenho opinião / Não sei;;"Arquivos de dados (XLS, CSV, JSON, parquet, imagem, ...);APIs e serviços web;";Não tenho opinião / Não sei;Não tenho opinião / Não sei;Não tenho opinião / Não sei;Me interesso em usar;Me interesso em usar;Me interesso em usar;Me interesso em usar;Não tenho opinião / Não sei;Me interesso em usar;Me interesso em usar;Não tenho opinião / Não sei;Não tenho opinião / Não sei;Não tenho opinião / Não sei;;"Apache Kafka;Apache RocketMQ;RabbitMQ;";Não tenho opinião / Não sei;Já usei;Já usei;Já usei;Já usei;Não tenho opinião / Não sei;Não tenho opinião / Não sei;Não tenho opinião / Não sei;Não tenho opinião / Não sei;Não tenho opinião / Não sei;Já usei;Não tenho opinião / Não sei;;"MySQL;MariaDB;PostgreSQL;";Já usei;Não tenho opinião / Não sei;Não tenho opinião / Não sei;Não tenho opinião / Não sei;Já usei;Não tenho opinião / Não sei;Me interesso em usar;Não tenho opinião / Não sei;Não tenho opinião / Não sei;Não tenho opinião / Não sei;Não tenho opinião / Não sei;Não tenho opinião / Não sei;Não tenho opinião / Não sei;;"MongoDB;Apache HBase;";Não tenho opinião / Não sei;Não tenho opinião / Não sei;Não tenho opinião / Não sei;Não tenho opinião / Não sei;Não tenho opinião / Não sei;Não tenho opinião / Não sei;Não tenho opinião / Não sei;Não tenho opinião / Não sei;Não tenho opinião / Não sei;Não tenho opinião / Não sei;Não tenho opinião / Não sei;Não tenho opinião / Não sei;Não tenho opinião / Não sei;Não tenho opinião / Não sei;Não tenho opinião / Não sei;;"Outro;";Não tenho opinião / Não sei;Não tenho opinião / Não sei;Não tenho opinião / Não sei;Não tenho opinião / Não sei;Não tenho opinião / Não sei;Não tenho opinião / Não sei;Não tenho opinião / Não sei;Não tenho opinião / Não sei;Não tenho opinião / Não sei;Não tenho opinião / Não sei;Não tenho opinião / Não sei;Não tenho opinião / Não sei;Não tenho opinião / Não sei;Não tenho opinião / Não sei;Não tenho opinião / Não sei;;"Outro;";Não tenho opinião / Não sei;Não tenho opinião / Não sei;Não tenho opinião / Não sei;Não tenho opinião / Não sei;Não tenho opinião / Não sei;Não tenho opinião / Não sei;Não tenho opinião / Não sei;Não tenho opinião / Não sei;Não tenho opinião / Não sei;Não tenho opinião / Não sei;Não tenho opinião / Não sei;Não tenho opinião / Não sei;Já usei;Não tenho opinião / Não sei;Não tenho opinião / Não sei;Não tenho opinião / Não sei;Não tenho opinião / Não sei;;"Outro;";Não tenho opinião / Não sei;Não tenho opinião / Não sei;Não tenho opinião / Não sei;Não tenho opinião / Não sei;Não tenho opinião / Não sei;Não tenho opinião / Não sei;Não tenho opinião / Não sei;Não tenho opinião / Não sei;Não tenho opinião / Não sei;Não tenho opinião / Não sei;Não tenho opinião / Não sei;Não tenho opinião / Não sei;Não tenho opinião / Não sei;Não tenho opinião / Não sei;Não tenho opinião / Não sei;Não tenho opinião / Não sei;Não tenho opinião / Não sei;Não tenho opinião / Não sei;Não tenho opinião / Não sei;Não tenho opinião / Não sei;;"Outro;"
41;2026-03-16 08:35:28;2026-03-16 09:04:21;0336294@cepel.br;Bruno de Mariz;;Uso atualmente;Uso atualmente;Uso atualmente;"Estruturados / tabulares (CSV, planilhas, dataframes, SQL dumps);Semi-estruturados / sem esquema rígido (JSON, TOON, XML, parquet, ORC, Avro);";Uso atualmente;Não tenho opinião / Não sei;Uso atualmente;Não tenho opinião / Não sei;Uso atualmente;Não tenho opinião / Não sei;Uso atualmente;Uso atualmente;Não tenho opinião / Não sei;;"Arquivos de dados (XLS, CSV, JSON, parquet, imagem, ...);APIs e serviços web;Logs de servidores e aplicações;";Não tenho opinião / Não sei;Não tenho opinião / Não sei;Não tenho opinião / Não sei;Não tenho opinião / Não sei;Já usei;Já usei;Não tenho opinião / Não sei;Não tenho opinião / Não sei;Já usei;Não tenho opinião / Não sei;Não tenho opinião / Não sei;Não tenho opinião / Não sei;Não tenho opinião / Não sei;;"Apache Kafka;";Já usei;Já usei;Me interesso em usar;Não tenho opinião / Não sei;Uso atualmente;Me interesso em usar;Não tenho opinião / Não sei;Não tenho opinião / Não sei;Não tenho opinião / Não sei;Não tenho opinião / Não sei;Uso atualmente;Não tenho opinião / Não sei;;"PostgreSQL;H2 Database;MySQL;";Me interesso em usar;Não tenho opinião / Não sei;Não tenho opinião / Não sei;Não tenho opinião / Não sei;Já usei;Não tenho opinião / Não sei;Não tenho opinião / Não sei;Me interesso em usar;Não tenho opinião / Não sei;Não tenho opinião / Não sei;Não tenho opinião / Não sei;Não tenho opinião / Não sei;Não tenho opinião / Não sei;;"MongoDB;Redis;";Me interesso em usar;Não tenho opinião / Não sei;Não tenho opinião / Não sei;Não tenho opinião / Não sei;Não tenho opinião / Não sei;Não tenho opinião / Não sei;Não tenho opinião / Não sei;Não tenho opinião / Não sei;Não tenho opinião / Não sei;Não tenho opinião / Não sei;Não tenho opinião / Não sei;Não tenho opinião / Não sei;Não tenho opinião / Não sei;Não tenho opinião / Não sei;Não tenho opinião / Não sei;;"Elasticsearch;";Não tenho opinião / Não sei;Não tenho opinião / Não sei;Não tenho opinião / Não sei;Não tenho opinião / Não sei;Não tenho opinião / Não sei;Não tenho opinião / Não sei;Não tenho opinião / Não sei;Não tenho opinião / Não sei;Não tenho opinião / Não sei;Não tenho opinião / Não sei;Não tenho opinião / Não sei;Não tenho opinião / Não sei;Não tenho opinião / Não sei;Não tenho opinião / Não sei;Não tenho opinião / Não sei;;;Me interesso em usar;Não tenho opinião / Não sei;Não tenho opinião / Não sei;Não tenho opinião / Não sei;Não tenho opinião / Não sei;Não tenho opinião / Não sei;Não tenho opinião / Não sei;Não tenho opinião / Não sei;Não tenho opinião / Não sei;Não tenho opinião / Não sei;Não tenho opinião / Não sei;Não tenho opinião / Não sei;Me interesso em usar;Não tenho opinião / Não sei;Não tenho opinião / Não sei;Não tenho opinião / Não sei;Não tenho opinião / Não sei;;"Apache Spark;Pandas;";Não tenho opinião / Não sei;Não tenho opinião / Não sei;Não tenho opinião / Não sei;Não tenho opinião / Não sei;Não tenho opinião / Não sei;Não tenho opinião / Não sei;Não tenho opinião / Não sei;Não tenho opinião / Não sei;Não tenho opinião / Não sei;Não tenho opinião / Não sei;Não tenho opinião / Não sei;Não tenho opinião / Não sei;Não tenho opinião / Não sei;Não tenho opinião / Não sei;Não tenho opinião / Não sei;Não tenho opinião / Não sei;Não tenho opinião / Não sei;Não tenho opinião / Não sei;Não tenho opinião / Não sei;Não tenho opinião / Não sei;;
42;2026-03-16 10:29:08;2026-03-16 10:42:49;0338243@cepel.br;Diogo Correa Marques;;Uso atualmente;Uso atualmente;Me interesso em usar;"Estruturados / tabulares (CSV, planilhas, dataframes, SQL dumps);Semi-estruturados / sem esquema rígido (JSON, TOON, XML, parquet, ORC, Avro);";Uso atualmente;Uso atualmente;Uso atualmente;Uso atualmente;Uso atualmente;Não preciso / Não se aplica;Me interesso em usar;Uso atualmente;Não preciso / Não se aplica;;"Dados de sensores IoT;Sistemas corporativos (ERP, CRM, ...);Bancos de dados SQL e NoSQL;";Não tenho opinião / Não sei;Não tenho opinião / Não sei;Não tenho opinião / Não sei;Não tenho opinião / Não sei;Não tenho opinião / Não sei;Me interesso em usar;Não tenho opinião / Não sei;Não tenho opinião / Não sei;Já usei;Não tenho opinião / Não sei;Não tenho opinião / Não sei;Não tenho opinião / Não sei;Não preciso / Não se aplica;;"Apache Kafka;";Não tenho opinião / Não sei;Já usei;Não tenho opinião / Não sei;Já usei;Uso atualmente;Não tenho opinião / Não sei;Já usei;Não tenho opinião / Não sei;Não tenho opinião / Não sei;Me interesso em usar;Não tenho opinião / Não sei;Não tenho opinião / Não sei;;"PostgreSQL;";Não tenho opinião / Não sei;Não tenho opinião / Não sei;Não tenho opinião / Não sei;Não tenho opinião / Não sei;Me interesso em usar;Não tenho opinião / Não sei;Não tenho opinião / Não sei;Não tenho opinião / Não sei;Não tenho opinião / Não sei;Não tenho opinião / Não sei;Não tenho opinião / Não sei;Não tenho opinião / Não sei;Não tenho opinião / Não sei;;"Redis;";Me interesso em usar;Não tenho opinião / Não sei;Não tenho opinião / Não sei;Não tenho opinião / Não sei;Não tenho opinião / Não sei;Me interesso em usar;Não preciso / Não se aplica;Não tenho opinião / Não sei;Não tenho opinião / Não sei;Me interesso em usar;Não tenho opinião / Não sei;Não tenho opinião / Não sei;Não tenho opinião / Não sei;Não tenho opinião / Não sei;Não tenho opinião / Não sei;;"Elasticsearch;QuestDB;ClickHouse;";Não tenho opinião / Não sei;Não tenho opinião / Não sei;Não tenho opinião / Não sei;Não tenho opinião / Não sei;Não tenho opinião / Não sei;Não tenho opinião / Não sei;Não tenho opinião / Não sei;Não tenho opinião / Não sei;Não tenho opinião / Não sei;Não tenho opinião / Não sei;Não tenho opinião / Não sei;Não tenho opinião / Não sei;Não tenho opinião / Não sei;Não tenho opinião / Não sei;Não tenho opinião / Não sei;;;Me interesso em usar;Não tenho opinião / Não sei;Não tenho opinião / Não sei;Não tenho opinião / Não sei;Não tenho opinião / Não sei;Me interesso em usar;Não tenho opinião / Não sei;Não tenho opinião / Não sei;Não tenho opinião / Não sei;Não tenho opinião / Não sei;Não tenho opinião / Não sei;Não tenho opinião / Não sei;Não tenho opinião / Não sei;Não tenho opinião / Não sei;Não tenho opinião / Não sei;Não tenho opinião / Não sei;Não tenho opinião / Não sei;;;Não tenho opinião / Não sei;Não tenho opinião / Não sei;Não tenho opinião / Não sei;Não tenho opinião / Não sei;Não tenho opinião / Não sei;Não tenho opinião / Não sei;Não tenho opinião / Não sei;Não tenho opinião / Não sei;Não tenho opinião / Não sei;Não tenho opinião / Não sei;Não tenho opinião / Não sei;Não tenho opinião / Não sei;Não tenho opinião / Não sei;Não tenho opinião / Não sei;Não tenho opinião / Não sei;Não tenho opinião / Não sei;Não tenho opinião / Não sei;Não tenho opinião / Não sei;Não tenho opinião / Não sei;Uso atualmente;Para os nossos dados de desempenho utilizamos o Grafana para mostrar dados, para nossa aplicação a própria é utilizada;"Outro;"
43;2026-03-16 18:16:39;2026-03-16 18:51:36;0360702@cepel.br;João Antonio;;Uso atualmente;Uso atualmente;Uso atualmente;"Estruturados / tabulares (CSV, planilhas, dataframes, SQL dumps);Semi-estruturados / sem esquema rígido (JSON, TOON, XML, parquet, ORC, Avro);";Uso atualmente;Me interesso em usar;Uso atualmente;Uso atualmente;Uso atualmente;Não preciso / Não se aplica;Não preciso / Não se aplica;Uso atualmente;Não preciso / Não se aplica;;"Arquivos de dados (XLS, CSV, JSON, parquet, imagem, ...);Dados de sensores IoT;Bancos de dados SQL e NoSQL;";Não tenho opinião / Não sei;Não tenho opinião / Não sei;Não tenho opinião / Não sei;Não tenho opinião / Não sei;Não tenho opinião / Não sei;Uso atualmente;Me interesso em usar;Me interesso em usar;Uso atualmente;Não preciso / Não se aplica;Não tenho opinião / Não sei;Não tenho opinião / Não sei;Uso atualmente;Apache Spark usando a DataFrame API (writeTo) ou Spark SQL;"Apache Kafka;Pulsar;";Uso atualmente;Já usei;Já usei;Não preciso / Não se aplica;Uso atualmente;Não tenho opinião / Não sei;Já usei;Não preciso / Não se aplica;Não tenho opinião / Não sei;Não tenho opinião / Não sei;Já usei;Não tenho opinião / Não sei;;"PostgreSQL;H2 Database;SQLite;";Já usei;Já usei;Já usei;Não tenho opinião / Não sei;Já usei;Não tenho opinião / Não sei;Já usei;Não tenho opinião / Não sei;Não tenho opinião / Não sei;Já usei;Não tenho opinião / Não sei;Não tenho opinião / Não sei;Não tenho opinião / Não sei;;"Redis;Neo4j;Apache HBase;";Já usei;Não tenho opinião / Não sei;Já usei;Não tenho opinião / Não sei;Não tenho opinião / Não sei;Já usei;Não tenho opinião / Não sei;Já usei;Já usei;Me interesso em usar;Não tenho opinião / Não sei;Não tenho opinião / Não sei;Não tenho opinião / Não sei;Não tenho opinião / Não sei;Não tenho opinião / Não sei;;"OpenSearch;QuestDB;Apache Datafusion;";Já usei;Não tenho opinião / Não sei;Não tenho opinião / Não sei;Já usei;Não tenho opinião / Não sei;Não tenho opinião / Não sei;Não tenho opinião / Não sei;Não tenho opinião / Não sei;Não tenho opinião / Não sei;Não tenho opinião / Não sei;Já usei;Não tenho opinião / Não sei;Não tenho opinião / Não sei;Não tenho opinião / Não sei;Não tenho opinião / Não sei;;"Chroma;PostgreSQL pgvector;";Já usei;Me interesso em usar;Não preciso / Não se aplica;Não tenho opinião / Não sei;Não tenho opinião / Não sei;Já usei;Já usei;Já usei;Me interesso em usar;Não preciso / Não se aplica;Não preciso / Não se aplica;Já usei;Já usei;Não tenho opinião / Não sei;Não tenho opinião / Não sei;Não tenho opinião / Não sei;Não tenho opinião / Não sei;;"Apache Spark;Apache Arrow;Pandas;";Já usei;Não tenho opinião / Não sei;Não tenho opinião / Não sei;Já usei;Não tenho opinião / Não sei;Não tenho opinião / Não sei;Não tenho opinião / Não sei;Não tenho opinião / Não sei;Me interesso em usar;Não tenho opinião / Não sei;Não tenho opinião / Não sei;Não tenho opinião / Não sei;Já usei;Não tenho opinião / Não sei;Não tenho opinião / Não sei;Já usei;Não tenho opinião / Não sei;Não tenho opinião / Não sei;Não tenho opinião / Não sei;Não tenho opinião / Não sei;;"Trino;Dremio;PowerBI;"
44;2026-03-17 09:47:15;2026-03-17 09:54:49;0361462@cepel.br;Ricardo Silva;;Já usei;Já usei;Já usei;"Semi-estruturados / sem esquema rígido (JSON, TOON, XML, parquet, ORC, Avro);Não-estruturados / sem formato definido (textos/docs, logs, áudios, imagens, vídeos, binários);";Já usei;Não tenho opinião / Não sei;Já usei;Me interesso em usar;Já usei;Não tenho opinião / Não sei;Me interesso em usar;Já usei;Não tenho opinião / Não sei;;"Logs de servidores e aplicações;Bancos de dados SQL e NoSQL;Arquivos de dados (XLS, CSV, JSON, parquet, imagem, ...);";Não tenho opinião / Não sei;Não tenho opinião / Não sei;Não tenho opinião / Não sei;Não tenho opinião / Não sei;Não tenho opinião / Não sei;Me interesso em usar;Não tenho opinião / Não sei;Não tenho opinião / Não sei;Já usei;Não tenho opinião / Não sei;Não tenho opinião / Não sei;Não tenho opinião / Não sei;Não tenho opinião / Não sei;;"Apache Kafka;RabbitMQ;Apache RocketMQ;";Já usei;Já usei;Já usei;Não tenho opinião / Não sei;Já usei;Não tenho opinião / Não sei;Não tenho opinião / Não sei;Não tenho opinião / Não sei;Não tenho opinião / Não sei;Não tenho opinião / Não sei;Não tenho opinião / Não sei;Não tenho opinião / Não sei;;"SQLite;MariaDB;PostgreSQL;";Já usei;Não tenho opinião / Não sei;Não tenho opinião / Não sei;Não tenho opinião / Não sei;Não tenho opinião / Não sei;Não tenho opinião / Não sei;Não tenho opinião / Não sei;Não tenho opinião / Não sei;Não tenho opinião / Não sei;Não tenho opinião / Não sei;Não tenho opinião / Não sei;Não tenho opinião / Não sei;Não tenho opinião / Não sei;;"MongoDB;Redis;Apache Cassandra;";Já usei;Não tenho opinião / Não sei;Não tenho opinião / Não sei;Não tenho opinião / Não sei;Não tenho opinião / Não sei;Não tenho opinião / Não sei;Não tenho opinião / Não sei;Não tenho opinião / Não sei;Não tenho opinião / Não sei;Não tenho opinião / Não sei;Não tenho opinião / Não sei;Não tenho opinião / Não sei;Não tenho opinião / Não sei;Não tenho opinião / Não sei;Não tenho opinião / Não sei;;"Elasticsearch;OpenSearch;DuckDB;";Já usei;Não tenho opinião / Não sei;Não tenho opinião / Não sei;Já usei;Não tenho opinião / Não sei;Não tenho opinião / Não sei;Não tenho opinião / Não sei;Não tenho opinião / Não sei;Não tenho opinião / Não sei;Não tenho opinião / Não sei;Não tenho opinião / Não sei;Não tenho opinião / Não sei;Não tenho opinião / Não sei;Não tenho opinião / Não sei;Não tenho opinião / Não sei;;"Pinecone;Chroma;Elasticsearch Vector;";Me interesso em usar;Não tenho opinião / Não sei;Não tenho opinião / Não sei;Não tenho opinião / Não sei;Não tenho opinião / Não sei;Não tenho opinião / Não sei;Não tenho opinião / Não sei;Não tenho opinião / Não sei;Não tenho opinião / Não sei;Não tenho opinião / Não sei;Não tenho opinião / Não sei;Não tenho opinião / Não sei;Já usei;Não tenho opinião / Não sei;Não tenho opinião / Não sei;Não tenho opinião / Não sei;Não tenho opinião / Não sei;;"Apache Spark;Pandas;PySpark;";Não tenho opinião / Não sei;Não tenho opinião / Não sei;Não tenho opinião / Não sei;Não tenho opinião / Não sei;Não tenho opinião / Não sei;Não tenho opinião / Não sei;Já usei;Não tenho opinião / Não sei;Não tenho opinião / Não sei;Não tenho opinião / Não sei;Não tenho opinião / Não sei;Não tenho opinião / Não sei;Já usei;Não tenho opinião / Não sei;Não tenho opinião / Não sei;Não tenho opinião / Não sei;Não tenho opinião / Não sei;Não tenho opinião / Não sei;Não tenho opinião / Não sei;Não tenho opinião / Não sei;;"Apache Superset;Streamlit;Tableau;"
45;2026-03-17 10:11:03;2026-03-17 10:19:51;0335657@cepel.br;Vanessa dos Santos;;Uso atualmente;Uso atualmente;Já usei;"Semi-estruturados / sem esquema rígido (JSON, TOON, XML, parquet, ORC, Avro);Estruturados / tabulares (CSV, planilhas, dataframes, SQL dumps);";Já usei;Já usei;Uso atualmente;Já usei;Uso atualmente;Não tenho opinião / Não sei;Não tenho opinião / Não sei;Uso atualmente;Não tenho opinião / Não sei;;"APIs e serviços web;Dados de sensores IoT;Logs de servidores e aplicações;";Não tenho opinião / Não sei;Não tenho opinião / Não sei;Não tenho opinião / Não sei;Não tenho opinião / Não sei;Já usei;Uso atualmente;Não tenho opinião / Não sei;Já usei;Já usei;Já usei;Não tenho opinião / Não sei;Não tenho opinião / Não sei;Não tenho opinião / Não sei;;"Apache Kafka;RabbitMQ;";Já usei;Já usei;Já usei;Já usei;Uso atualmente;Não tenho opinião / Não sei;Já usei;Não tenho opinião / Não sei;Não tenho opinião / Não sei;Não tenho opinião / Não sei;Já usei;Não tenho opinião / Não sei;;"MySQL;PostgreSQL;SQL Server;";Já usei;Já usei;Não tenho opinião / Não sei;Não tenho opinião / Não sei;Já usei;Não tenho opinião / Não sei;Não tenho opinião / Não sei;Já usei;Não tenho opinião / Não sei;Não tenho opinião / Não sei;Não tenho opinião / Não sei;Não tenho opinião / Não sei;Não tenho opinião / Não sei;;"Redis;Apache Cassandra;MongoDB;";Já usei;Não tenho opinião / Não sei;Não tenho opinião / Não sei;Já usei;Não tenho opinião / Não sei;Já usei;Não tenho opinião / Não sei;Não tenho opinião / Não sei;Não tenho opinião / Não sei;Não tenho opinião / Não sei;Não tenho opinião / Não sei;Não tenho opinião / Não sei;Não tenho opinião / Não sei;Não tenho opinião / Não sei;Não tenho opinião / Não sei;;"Elasticsearch;";Não tenho opinião / Não sei;Não tenho opinião / Não sei;Não tenho opinião / Não sei;Não tenho opinião / Não sei;Não tenho opinião / Não sei;Não tenho opinião / Não sei;Não tenho opinião / Não sei;Não tenho opinião / Não sei;Não tenho opinião / Não sei;Não tenho opinião / Não sei;Não tenho opinião / Não sei;Não tenho opinião / Não sei;Não tenho opinião / Não sei;Não tenho opinião / Não sei;Não tenho opinião / Não sei;;;Já usei;Não tenho opinião / Não sei;Não tenho opinião / Não sei;Não tenho opinião / Não sei;Já usei;Já usei;Já usei;Não tenho opinião / Não sei;Não tenho opinião / Não sei;Não tenho opinião / Não sei;Não tenho opinião / Não sei;Não tenho opinião / Não sei;Já usei;Não tenho opinião / Não sei;Não tenho opinião / Não sei;Não tenho opinião / Não sei;Não tenho opinião / Não sei;;"Apache Spark;";Não tenho opinião / Não sei;Não tenho opinião / Não sei;Não tenho opinião / Não sei;Não tenho opinião / Não sei;Não tenho opinião / Não sei;Não tenho opinião / Não sei;Já usei;Não tenho opinião / Não sei;Já usei;Não tenho opinião / Não sei;Não tenho opinião / Não sei;Não tenho opinião / Não sei;Não tenho opinião / Não sei;Não tenho opinião / Não sei;Não tenho opinião / Não sei;Não tenho opinião / Não sei;Não tenho opinião / Não sei;Não tenho opinião / Não sei;Não tenho opinião / Não sei;Não tenho opinião / Não sei;;
46;2026-03-17 15:50:45;2026-03-17 16:03:04;0335008@cepel.br;Leonardo Vilela;;Uso atualmente;Uso atualmente;Uso atualmente;"Semi-estruturados / sem esquema rígido (JSON, TOON, XML, parquet, ORC, Avro);Não-estruturados / sem formato definido (textos/docs, logs, áudios, imagens, vídeos, binários);";Uso atualmente;Já usei;Uso atualmente;Uso atualmente;Uso atualmente;Não preciso / Não se aplica;Não tenho opinião / Não sei;Já usei;Não preciso / Não se aplica;;"Dados de sensores IoT;Arquivos de dados (XLS, CSV, JSON, parquet, imagem, ...);APIs e serviços web;";Não tenho opinião / Não sei;Não tenho opinião / Não sei;Não tenho opinião / Não sei;Não tenho opinião / Não sei;Não tenho opinião / Não sei;Não preciso / Não se aplica;Não tenho opinião / Não sei;Não tenho opinião / Não sei;Não tenho opinião / Não sei;Não tenho opinião / Não sei;Não tenho opinião / Não sei;Não tenho opinião / Não sei;Não tenho opinião / Não sei;;;Já usei;Já usei;Não tenho opinião / Não sei;Já usei;Já usei;Não tenho opinião / Não sei;Já usei;Não tenho opinião / Não sei;Não tenho opinião / Não sei;Não tenho opinião / Não sei;Não tenho opinião / Não sei;Não tenho opinião / Não sei;;"PostgreSQL;SQL Server;";Não tenho opinião / Não sei;Não tenho opinião / Não sei;Não tenho opinião / Não sei;Não tenho opinião / Não sei;Não tenho opinião / Não sei;Não tenho opinião / Não sei;Não tenho opinião / Não sei;Não tenho opinião / Não sei;Não tenho opinião / Não sei;Não tenho opinião / Não sei;Não tenho opinião / Não sei;Não tenho opinião / Não sei;Não tenho opinião / Não sei;;;Não tenho opinião / Não sei;Não tenho opinião / Não sei;Não tenho opinião / Não sei;Não tenho opinião / Não sei;Não tenho opinião / Não sei;Não preciso / Não se aplica;Não preciso / Não se aplica;Não tenho opinião / Não sei;Não tenho opinião / Não sei;Não tenho opinião / Não sei;Não tenho opinião / Não sei;Não tenho opinião / Não sei;Não tenho opinião / Não sei;Não tenho opinião / Não sei;Não tenho opinião / Não sei;;;Não tenho opinião / Não sei;Não tenho opinião / Não sei;Não tenho opinião / Não sei;Não tenho opinião / Não sei;Não tenho opinião / Não sei;Não tenho opinião / Não sei;Não tenho opinião / Não sei;Não tenho opinião / Não sei;Não tenho opinião / Não sei;Não tenho opinião / Não sei;Não tenho opinião / Não sei;Não tenho opinião / Não sei;Não tenho opinião / Não sei;Não tenho opinião / Não sei;Não tenho opinião / Não sei;;;Não tenho opinião / Não sei;Não tenho opinião / Não sei;Não tenho opinião / Não sei;Não tenho opinião / Não sei;Não tenho opinião / Não sei;Não tenho opinião / Não sei;Não tenho opinião / Não sei;Não tenho opinião / Não sei;Não tenho opinião / Não sei;Não tenho opinião / Não sei;Não tenho opinião / Não sei;Não tenho opinião / Não sei;Não tenho opinião / Não sei;Não tenho opinião / Não sei;Não tenho opinião / Não sei;Não tenho opinião / Não sei;Não tenho opinião / Não sei;;;Não tenho opinião / Não sei;Não tenho opinião / Não sei;Não tenho opinião / Não sei;Não tenho opinião / Não sei;Não tenho opinião / Não sei;Não tenho opinião / Não sei;Não tenho opinião / Não sei;Não tenho opinião / Não sei;Me interesso em usar;Não tenho opinião / Não sei;Não tenho opinião / Não sei;Não tenho opinião / Não sei;Não tenho opinião / Não sei;Não tenho opinião / Não sei;Não tenho opinião / Não sei;Não tenho opinião / Não sei;Não tenho opinião / Não sei;Não tenho opinião / Não sei;Não tenho opinião / Não sei;Não tenho opinião / Não sei;;
47;2026-03-17 16:04:55;2026-03-17 16:13:58;0342576@cepel.br;Isternandia Araujo França;;Já usei;Me interesso em usar;Já usei;"Estruturados / tabulares (CSV, planilhas, dataframes, SQL dumps);Semi-estruturados / sem esquema rígido (JSON, TOON, XML, parquet, ORC, Avro);";Já usei;Me interesso em usar;Uso atualmente;Já usei;Me interesso em usar;Não preciso / Não se aplica;Já usei;Já usei;Não preciso / Não se aplica;;"Arquivos de dados (XLS, CSV, JSON, parquet, imagem, ...);Bancos de dados SQL e NoSQL;Dados de sensores IoT;";Não preciso / Não se aplica;Não preciso / Não se aplica;Não preciso / Não se aplica;Não preciso / Não se aplica;Não preciso / Não se aplica;Não preciso / Não se aplica;Não preciso / Não se aplica;Não preciso / Não se aplica;Já usei;Não preciso / Não se aplica;Não preciso / Não se aplica;Não preciso / Não se aplica;Não preciso / Não se aplica;;"RabbitMQ;Redpanda;";Me interesso em usar;Já usei;Me interesso em usar;Já usei;Já usei;Me interesso em usar;Me interesso em usar;Me interesso em usar;Me interesso em usar;Me interesso em usar;Me interesso em usar;Não preciso / Não se aplica;;"PostgreSQL;SQL Server;MySQL;";Não preciso / Não se aplica;Não preciso / Não se aplica;Não preciso / Não se aplica;Não preciso / Não se aplica;Não preciso / Não se aplica;Não preciso / Não se aplica;Não preciso / Não se aplica;Não preciso / Não se aplica;Não preciso / Não se aplica;Não preciso / Não se aplica;Não preciso / Não se aplica;Não preciso / Não se aplica;Não preciso / Não se aplica;;;Não preciso / Não se aplica;Não preciso / Não se aplica;Não preciso / Não se aplica;Não preciso / Não se aplica;Não preciso / Não se aplica;Não preciso / Não se aplica;Não preciso / Não se aplica;Não preciso / Não se aplica;Não preciso / Não se aplica;Não preciso / Não se aplica;Não preciso / Não se aplica;Não preciso / Não se aplica;Não preciso / Não se aplica;Não preciso / Não se aplica;Não preciso / Não se aplica;;;Não preciso / Não se aplica;Não preciso / Não se aplica;Não preciso / Não se aplica;Não preciso / Não se aplica;Não preciso / Não se aplica;Não preciso / Não se aplica;Não preciso / Não se aplica;Não preciso / Não se aplica;Não preciso / Não se aplica;Não preciso / Não se aplica;Não preciso / Não se aplica;Não preciso / Não se aplica;Não preciso / Não se aplica;Não preciso / Não se aplica;Não preciso / Não se aplica;;;Não preciso / Não se aplica;Não preciso / Não se aplica;Não preciso / Não se aplica;Não preciso / Não se aplica;Não preciso / Não se aplica;Não preciso / Não se aplica;Já usei;Não preciso / Não se aplica;Não preciso / Não se aplica;Não preciso / Não se aplica;Não preciso / Não se aplica;Não preciso / Não se aplica;Já usei;Não preciso / Não se aplica;Não preciso / Não se aplica;Não preciso / Não se aplica;Não preciso / Não se aplica;;"PySpark;Pandas;";Não preciso / Não se aplica;Não preciso / Não se aplica;Não preciso / Não se aplica;Não preciso / Não se aplica;Não preciso / Não se aplica;Não preciso / Não se aplica;Não preciso / Não se aplica;Não preciso / Não se aplica;Já usei;Já usei;Não preciso / Não se aplica;Não preciso / Não se aplica;Não preciso / Não se aplica;Não preciso / Não se aplica;Não preciso / Não se aplica;Não preciso / Não se aplica;Não preciso / Não se aplica;Não preciso / Não se aplica;Não preciso / Não se aplica;Não preciso / Não se aplica;;
